8.639999999999995634e+04 1.898124597336050710e+26 7.576289008065785480e-02
8.639999999999995634e+04 2.375076977325066006e+26 9.479797577532692032e-02
8.639999999999995634e+04 2.971875848475120527e+26 1.186148126649631679e-01
8.639999999999995634e+04 3.718635708682093057e+26 1.484141807274364788e-01
8.639999999999995634e+04 4.653038094098342322e+26 1.856981839853960592e-01
8.639999999999995634e+04 5.822232991142736975e+26 2.323457612890046098e-01
8.639999999999995634e+04 7.285218026937235028e+26 2.907069315819371114e-01
8.639999999999995634e+04 9.115815492226505885e+26 3.637205889275503257e-01
8.639999999999995634e+04 1.140639741749114060e+27 4.550615928570335700e-01
8.639999999999995634e+04 1.427254666976269239e+27 5.693244266562011990e-01
8.639999999999995634e+04 1.785888926929564671e+27 7.122517951637383771e-01
8.639999999999995634e+04 2.234639222505804895e+27 8.910198112588794128e-01
8.639999999999995634e+04 2.796149513814807903e+27 1.114593000489835450e+00
8.639999999999995634e+04 3.498753635425582340e+27 1.394164963915012656e+00
8.639999999999995634e+04 4.377905022933792316e+27 1.743705695588926741e+00
8.639999999999995634e+04 5.477965694917415058e+27 2.180638316456196879e+00
8.639999999999995634e+04 6.854444762390599226e+27 2.726675347652111281e+00
8.639999999999995634e+04 8.576799421043515829e+27 3.408846845646331225e+00
8.639999999999995634e+04 1.073193976446264606e+28 4.260759598882793320e+00
8.639999999999995634e+04 1.342861427136436151e+28 5.324130562100317654e+00
8.639999999999995634e+04 1.680289725872494801e+28 6.650640499865428268e+00
8.639999999999995634e+04 2.102505519793893679e+28 8.304153864899911142e+00
8.639999999999995634e+04 2.630813836862818728e+28 1.036334508262834930e+01
8.639999999999995634e+04 3.291873138533943251e+28 1.292475527907546073e+01
8.639999999999995634e+04 4.119040506919145293e+28 1.610627403459619345e+01
8.639999999999995634e+04 5.154054844652018122e+28 2.005098739372619576e+01
8.639999999999995634e+04 6.449143021793151985e+28 2.493125012431101339e+01
8.639999999999995634e+04 8.069655246043740490e+28 3.095271766271891778e+01
8.639999999999995634e+04 1.009736263716712308e+29 3.835790068483175475e+01
8.639999999999995634e+04 1.263458340137198547e+29 4.742859236514423316e+01
8.639999999999995634e+04 1.580934581260225264e+29 5.848627168727378489e+01
8.639999999999995634e+04 1.978184852500193850e+29 7.188936600741243410e+01
8.639999999999995634e+04 2.475254420421264535e+29 8.802614278019899530e+01
8.639999999999995634e+04 3.097225437790278187e+29 1.073021373973233210e+02
8.639999999999995634e+04 3.875482590134140155e+29 1.301215730595337163e+02
8.639999999999995634e+04 4.849296768383905333e+29 1.568633119177177377e+02
8.639999999999995634e+04 6.067806679798462811e+29 1.878534812665083393e+02
8.639999999999995634e+04 7.592498389344203995e+29 2.233387279429269654e+02
1.078449875798847206e+05 1.898124597336050710e+26 8.783114027223896947e-02
1.078449875798847206e+05 2.375076977325066006e+26 1.098982904784878561e-01
1.078449875798847206e+05 2.971875848475120527e+26 1.375088687367252704e-01
1.078449875798847206e+05 3.718635708682093057e+26 1.720549442967066744e-01
1.078449875798847206e+05 4.653038094098342322e+26 2.152779060742330830e-01
1.078449875798847206e+05 5.822232991142736975e+26 2.693559492983669812e-01
1.078449875798847206e+05 7.285218026937235028e+26 3.370134132004299343e-01
1.078449875798847206e+05 9.115815492226505885e+26 4.216573504511823001e-01
1.078449875798847206e+05 1.140639741749114060e+27 5.275480225237971776e-01
1.078449875798847206e+05 1.427254666976269239e+27 6.600116607053239104e-01
1.078449875798847206e+05 1.785888926929564671e+27 8.257057637152473983e-01
1.078449875798847206e+05 2.234639222505804895e+27 1.032949610868878043e+00
1.078449875798847206e+05 2.796149513814807903e+27 1.292135593381638747e+00
1.078449875798847206e+05 3.498753635425582340e+27 1.616240388615492130e+00
1.078449875798847206e+05 4.377905022933792316e+27 2.021459113125047224e+00
1.078449875798847206e+05 5.477965694917415058e+27 2.527990343951434848e+00
1.078449875798847206e+05 6.854444762390599226e+27 3.161005155937141264e+00
1.078449875798847206e+05 8.576799421043515829e+27 3.951839160620683966e+00
1.078449875798847206e+05 1.073193976446264606e+28 4.939452325774841057e+00
1.078449875798847206e+05 1.342861427136436151e+28 6.172206617861070832e+00
1.078449875798847206e+05 1.680289725872494801e+28 7.710014923799857200e+00
1.078449875798847206e+05 2.102505519793893679e+28 9.626914551842462586e+00
1.078449875798847206e+05 2.630813836862818728e+28 1.201411162049015324e+01
1.078449875798847206e+05 3.291873138533943251e+28 1.498352476803981581e+01
1.078449875798847206e+05 4.119040506919145293e+28 1.867182121993117150e+01
1.078449875798847206e+05 5.154054844652018122e+28 2.324487736674705118e+01
1.078449875798847206e+05 6.449143021793151985e+28 2.890249921090444829e+01
1.078449875798847206e+05 8.069655246043740490e+28 3.588309480967225085e+01
1.078449875798847206e+05 1.009736263716712308e+29 4.446779325345296741e+01
1.078449875798847206e+05 1.263458340137198547e+29 5.498325394930189702e+01
1.078449875798847206e+05 1.580934581260225264e+29 6.780212730313357383e+01
1.078449875798847206e+05 1.978184852500193850e+29 8.333986890083130561e+01
1.078449875798847206e+05 2.475254420421264535e+29 1.020464789822734701e+02
1.078449875798847206e+05 3.097225437790278187e+29 1.243918965145867901e+02
1.078449875798847206e+05 3.875482590134140155e+29 1.508444121407393936e+02
1.078449875798847206e+05 4.849296768383905333e+29 1.818427234610468872e+02
1.078449875798847206e+05 6.067806679798462811e+29 2.177641132360012364e+02
1.078449875798847206e+05 7.592498389344203995e+29 2.588933392039584760e+02
1.346127470614062040e+05 1.898124597336050710e+26 1.018217962263605059e-01
1.346127470614062040e+05 2.375076977325066006e+26 1.274040340724468257e-01
1.346127470614062040e+05 2.971875848475120527e+26 1.594127122301851052e-01
1.346127470614062040e+05 3.718635708682093057e+26 1.994616470951405818e-01
1.346127470614062040e+05 4.653038094098342322e+26 2.495696121046193650e-01
1.346127470614062040e+05 5.822232991142736975e+26 3.122617661236412601e-01
1.346127470614062040e+05 7.285218026937235028e+26 3.906964156189018378e-01
1.346127470614062040e+05 9.115815492226505885e+26 4.888233190908758408e-01
1.346127470614062040e+05 1.140639741749114060e+27 6.115813589893784874e-01
1.346127470614062040e+05 1.427254666976269239e+27 7.651451840138986382e-01
1.346127470614062040e+05 1.785888926929564671e+27 9.572327670889638762e-01
1.346127470614062040e+05 2.234639222505804895e+27 1.197488570574341882e+00
1.346127470614062040e+05 2.796149513814807903e+27 1.497960390228987970e+00
1.346127470614062040e+05 3.498753635425582340e+27 1.873691963110581282e+00
1.346127470614062040e+05 4.377905022933792316e+27 2.343458135672182863e+00
1.346127470614062040e+05 5.477965694917415058e+27 2.930674915769366340e+00
1.346127470614062040e+05 6.854444762390599226e+27 3.664522883695684019e+00
1.346127470614062040e+05 8.576799421043515829e+27 4.581329099725023113e+00
1.346127470614062040e+05 1.073193976446264606e+28 5.726259457041772194e+00
1.346127470614062040e+05 1.342861427136436151e+28 7.155379461384495876e+00
1.346127470614062040e+05 1.680289725872494801e+28 8.938145456944964096e+00
1.346127470614062040e+05 2.102505519793893679e+28 1.116038798794562581e+01
1.346127470614062040e+05 2.630813836862818728e+28 1.392784106840364089e+01
1.346127470614062040e+05 3.291873138533943251e+28 1.737025018863041481e+01
1.346127470614062040e+05 4.119040506919145293e+28 2.164605099134537980e+01
1.346127470614062040e+05 5.154054844652018122e+28 2.694753979009249178e+01
1.346127470614062040e+05 6.449143021793151985e+28 3.350634485143871899e+01
1.346127470614062040e+05 8.069655246043740490e+28 4.159884111239818338e+01
1.346127470614062040e+05 1.009736263716712308e+29 5.155092164942266919e+01
1.346127470614062040e+05 1.263458340137198547e+29 6.374124799477427672e+01
1.346127470614062040e+05 1.580934581260225264e+29 7.860177296592615903e+01
1.346127470614062040e+05 1.978184852500193850e+29 9.661402837639313645e+01
1.346127470614062040e+05 2.475254420421264535e+29 1.182995175836194761e+02
1.346127470614062040e+05 3.097225437790278187e+29 1.442027341633276194e+02
1.346127470614062040e+05 3.875482590134140155e+29 1.748660633045527675e+02
1.346127470614062040e+05 4.849296768383905333e+29 2.107972829748967172e+02
1.346127470614062040e+05 6.067806679798462811e+29 2.524325382282795545e+02
1.346127470614062040e+05 7.592498389344203995e+29 3.001001121578359516e+02
1.680244217005963437e+05 1.898124597336050710e+26 1.180404948134845811e-01
1.680244217005963437e+05 2.375076977325066006e+26 1.476975980934004951e-01
1.680244217005963437e+05 2.971875848475120527e+26 1.848047838312792679e-01
1.680244217005963437e+05 3.718635708682093057e+26 2.312329177367074273e-01
1.680244217005963437e+05 4.653038094098342322e+26 2.893223350842791808e-01
1.680244217005963437e+05 5.822232991142736975e+26 3.620004159472888228e-01
1.680244217005963437e+05 7.285218026937235028e+26 4.529285371653165582e-01
1.680244217005963437e+05 9.115815492226505885e+26 5.666855945019551033e-01
1.680244217005963437e+05 1.140639741749114060e+27 7.089971627611134641e-01
1.680244217005963437e+05 1.427254666976269239e+27 8.870214178957653850e-01
1.680244217005963437e+05 1.785888926929564671e+27 1.109705691527267613e+00
1.680244217005963437e+05 2.234639222505804895e+27 1.388230664591983965e+00
1.680244217005963437e+05 2.796149513814807903e+27 1.736563168954340153e+00
1.680244217005963437e+05 3.498753635425582340e+27 2.172143181049862815e+00
1.680244217005963437e+05 4.377905022933792316e+27 2.716736096907303999e+00
1.680244217005963437e+05 5.477965694917415058e+27 3.397487744400491838e+00
1.680244217005963437e+05 6.854444762390599226e+27 4.248226721961036567e+00
1.680244217005963437e+05 8.576799421043515829e+27 5.311066430033244856e+00
1.680244217005963437e+05 1.073193976446264606e+28 6.638366972277887079e+00
1.680244217005963437e+05 1.342861427136436151e+28 8.295124181123867402e+00
1.680244217005963437e+05 1.680289725872494801e+28 1.036185760347015083e+01
1.680244217005963437e+05 2.102505519793893679e+28 1.293806901728838632e+01
1.680244217005963437e+05 2.630813836862818728e+28 1.614633371418088714e+01
1.680244217005963437e+05 3.291873138533943251e+28 2.013706260440682172e+01
1.680244217005963437e+05 4.119040506919145293e+28 2.509392564724380748e+01
1.680244217005963437e+05 5.154054844652018122e+28 3.123984505606327033e+01
1.680244217005963437e+05 6.449143021793151985e+28 3.884333637172030507e+01
1.680244217005963437e+05 8.069655246043740490e+28 4.822478255798534263e+01
1.680244217005963437e+05 1.009736263716712308e+29 5.976195983552995727e+01
1.680244217005963437e+05 1.263458340137198547e+29 7.389379567188679232e+01
1.680244217005963437e+05 1.580934581260225264e+29 9.112095739675498862e+01
1.680244217005963437e+05 1.978184852500193850e+29 1.120015189679553487e+02
1.680244217005963437e+05 2.475254420421264535e+29 1.371397747754964769e+02
1.680244217005963437e+05 3.097225437790278187e+29 1.671664773898519343e+02
1.680244217005963437e+05 3.875482590134140155e+29 2.027096274791170742e+02
1.680244217005963437e+05 4.849296768383905333e+29 2.443566383539824187e+02
1.680244217005963437e+05 6.067806679798462811e+29 2.926112024254846347e+02
1.680244217005963437e+05 7.592498389344203995e+29 3.478510372096120022e+02
2.097290702710433980e+05 1.898124597336050710e+26 1.368428670073325859e-01
2.097290702710433980e+05 2.375076977325066006e+26 1.712239782682588030e-01
2.097290702710433980e+05 2.971875848475120527e+26 2.142418699017524519e-01
2.097290702710433980e+05 3.718635708682093057e+26 2.680654266816657749e-01
2.097290702710433980e+05 4.653038094098342322e+26 3.354077603757688042e-01
2.097290702710433980e+05 5.822232991142736975e+26 4.196625519687878780e-01
2.097290702710433980e+05 7.285218026937235028e+26 5.250743819392251766e-01
2.097290702710433980e+05 9.115815492226505885e+26 6.569515165953856428e-01
2.097290702710433980e+05 1.140639741749114060e+27 8.219315339745022486e-01
2.097290702710433980e+05 1.427254666976269239e+27 1.028312824568849981e+00
2.097290702710433980e+05 1.785888926929564671e+27 1.286467915383522120e+00
2.097290702710433980e+05 2.234639222505804895e+27 1.609358427364606658e+00
2.097290702710433980e+05 2.796149513814807903e+27 2.013175933953328389e+00
2.097290702710433980e+05 3.498753635425582340e+27 2.518138380010027877e+00
2.097290702710433980e+05 4.377905022933792316e+27 3.149478111778247325e+00
2.097290702710433980e+05 5.477965694917415058e+27 3.938664939933013365e+00
2.097290702710433980e+05 6.854444762390599226e+27 4.924915916079371847e+00
2.097290702710433980e+05 8.576799421043515829e+27 6.157052547798371300e+00
2.097290702710433980e+05 1.073193976446264606e+28 7.695775184319657569e+00
2.097290702710433980e+05 1.342861427136436151e+28 9.616432556687577460e+00
2.097290702710433980e+05 1.680289725872494801e+28 1.201236972760740862e+01
2.097290702710433980e+05 2.102505519793893679e+28 1.499893740033691358e+01
2.097290702710433980e+05 2.630813836862818728e+28 1.871823468112357247e+01
2.097290702710433980e+05 3.291873138533943251e+28 2.334462932570507832e+01
2.097290702710433980e+05 4.119040506919145293e+28 2.909104432141593932e+01
2.097290702710433980e+05 5.154054844652018122e+28 3.621590429664629340e+01
2.097290702710433980e+05 6.449143021793151985e+28 4.503048402261471495e+01
2.097290702710433980e+05 8.069655246043740490e+28 5.590617704022393042e+01
2.097290702710433980e+05 1.009736263716712308e+29 6.928089288044284899e+01
2.097290702710433980e+05 1.263458340137198547e+29 8.566339799020704504e+01
2.097290702710433980e+05 1.580934581260225264e+29 1.056339708305296767e+02
2.097290702710433980e+05 1.978184852500193850e+29 1.298393322937152732e+02
2.097290702710433980e+05 2.475254420421264535e+29 1.589796022064250849e+02
2.097290702710433980e+05 3.097225437790278187e+29 1.937852707527829068e+02
2.097290702710433980e+05 3.875482590134140155e+29 2.349831585873563427e+02
2.097290702710433980e+05 4.849296768383905333e+29 2.832523054210982423e+02
2.097290702710433980e+05 6.067806679798462811e+29 3.391736386243575794e+02
2.097290702710433980e+05 7.592498389344203995e+29 4.031805931879353579e+02
2.617850576217761554e+05 1.898124597336050710e+26 1.586404818787602311e-01
2.617850576217761554e+05 2.375076977325066006e+26 1.984981387823549770e-01
2.617850576217761554e+05 2.971875848475120527e+26 2.483683249262564341e-01
2.617850576217761554e+05 3.718635708682093057e+26 3.107653995039391659e-01
2.617850576217761554e+05 4.653038094098342322e+26 3.888346514464179893e-01
2.617850576217761554e+05 5.822232991142736975e+26 4.865103357398496975e-01
2.617850576217761554e+05 7.285218026937235028e+26 6.087131523604863981e-01
2.617850576217761554e+05 9.115815492226505885e+26 7.615969109132690873e-01
2.617850576217761554e+05 1.140639741749114060e+27 9.528564914572719147e-01
2.617850576217761554e+05 1.427254666976269239e+27 1.192112127528087040e+00
2.617850576217761554e+05 1.785888926929564671e+27 1.491388577688920636e+00
2.617850576217761554e+05 2.234639222505804895e+27 1.865712113983784226e+00
2.617850576217761554e+05 2.796149513814807903e+27 2.333853451546187951e+00
2.617850576217761554e+05 3.498753635425582340e+27 2.919251032819806024e+00
2.617850576217761554e+05 4.377905022933792316e+27 3.651156446284617552e+00
2.617850576217761554e+05 5.477965694917415058e+27 4.566052292845021121e+00
2.617850576217761554e+05 6.854444762390599226e+27 5.709402460146322689e+00
2.617850576217761554e+05 8.576799421043515829e+27 7.137805149528110071e+00
2.617850576217761554e+05 1.073193976446264606e+28 8.921629534297906616e+00
2.617850576217761554e+05 1.342861427136436151e+28 1.114822640346317151e+01
2.617850576217761554e+05 1.680289725872494801e+28 1.392580932859109666e+01
2.617850576217761554e+05 2.102505519793893679e+28 1.738810242687507213e+01
2.617850576217761554e+05 2.630813836862818728e+28 2.169983828811484372e+01
2.617850576217761554e+05 3.291873138533943251e+28 2.706315691906759469e+01
2.617850576217761554e+05 4.119040506919145293e+28 3.372489252630007428e+01
2.617850576217761554e+05 5.154054844652018122e+28 4.198462422268636374e+01
2.617850576217761554e+05 6.449143021793151985e+28 5.220319096254448965e+01
2.617850576217761554e+05 8.069655246043740490e+28 6.481111040415244418e+01
2.617850576217761554e+05 1.009736263716712308e+29 8.031598144313183241e+01
2.617850576217761554e+05 1.263458340137198547e+29 9.930749217745143653e+01
2.617850576217761554e+05 1.580934581260225264e+29 1.224581368841964633e+02
2.617850576217761554e+05 1.978184852500193850e+29 1.505172670361178859e+02
2.617850576217761554e+05 2.475254420421264535e+29 1.842958525702139525e+02
2.617850576217761554e+05 3.097225437790278187e+29 2.246396005790767845e+02
2.617850576217761554e+05 3.875482590134140155e+29 2.723892176173430357e+02
2.617850576217761554e+05 4.849296768383905333e+29 3.283288837135523863e+02
2.617850576217761554e+05 6.067806679798462811e+29 3.931273944723960199e+02
2.617850576217761554e+05 7.592498389344203995e+29 4.672803002312176659e+02
3.267616468497669557e+05 1.898124597336050710e+26 1.839098820622746544e-01
3.267616468497669557e+05 2.375076977325066006e+26 2.301163538246381868e-01
3.267616468497669557e+05 2.971875848475120527e+26 2.879302229297279747e-01
3.267616468497669557e+05 3.718635708682093057e+26 3.602663538079790007e-01
3.267616468497669557e+05 4.653038094098342322e+26 4.507710405566099365e-01
3.267616468497669557e+05 5.822232991142736975e+26 5.640052114143503381e-01
3.267616468497669557e+05 7.285218026937235028e+26 7.056733734368634270e-01
3.267616468497669557e+05 9.115815492226505885e+26 8.829095599121311588e-01
3.267616468497669557e+05 1.140639741749114060e+27 1.104634346981741455e+00
3.267616468497669557e+05 1.427254666976269239e+27 1.382000344385692969e+00
3.267616468497669557e+05 1.785888926929564671e+27 1.728947704156287513e+00
3.267616468497669557e+05 2.234639222505804895e+27 2.162896187028886086e+00
3.267616468497669557e+05 2.796149513814807903e+27 2.705606442039601323e+00
3.267616468497669557e+05 3.498753635425582340e+27 3.384250351325720718e+00
3.267616468497669557e+05 4.377905022933792316e+27 4.232738893346797759e+00
3.267616468497669557e+05 5.477965694917415058e+27 5.293365863393519888e+00
3.267616468497669557e+05 6.854444762390599226e+27 6.618836925390059633e+00
3.267616468497669557e+05 8.576799421043515829e+27 8.274765566527205962e+00
3.267616468497669557e+05 1.073193976446264606e+28 1.034272971989141787e+01
3.267616468497669557e+05 1.342861427136436151e+28 1.292399373914621563e+01
3.267616468497669557e+05 1.680289725872494801e+28 1.614400764992790016e+01
3.267616468497669557e+05 2.102505519793893679e+28 2.015779498901117250e+01
3.267616468497669557e+05 2.630813836862818728e+28 2.515632596760788431e+01
3.267616468497669557e+05 3.291873138533943251e+28 3.137393472567437769e+01
3.267616468497669557e+05 4.119040506919145293e+28 3.909676498323213423e+01
3.267616468497669557e+05 5.154054844652018122e+28 4.867209968757335758e+01
3.267616468497669557e+05 6.449143021793151985e+28 6.051822585665394172e+01
3.267616468497669557e+05 8.069655246043740490e+28 7.513418269262849947e+01
3.267616468497669557e+05 1.009736263716712308e+29 9.310832186020114420e+01
3.267616468497669557e+05 1.263458340137198547e+29 1.151240751321710718e+02
3.267616468497669557e+05 1.580934581260225264e+29 1.419607193886502330e+02
3.267616468497669557e+05 1.978184852500193850e+29 1.744863680815375915e+02
3.267616468497669557e+05 2.475254420421264535e+29 2.136401220645655030e+02
3.267616468497669557e+05 3.097225437790278187e+29 2.604006190570156036e+02
3.267616468497669557e+05 3.875482590134140155e+29 3.157395370552101781e+02
3.267616468497669557e+05 4.849296768383905333e+29 3.805612568320049718e+02
3.267616468497669557e+05 6.067806679798462811e+29 4.556338364881753478e+02
3.267616468497669557e+05 7.592498389344203995e+29 5.415209781562529088e+02
4.078658072464793804e+05 1.898124597336050710e+26 2.132039317519689448e-01
4.078658072464793804e+05 2.375076977325066006e+26 2.667703941602536100e-01
4.078658072464793804e+05 2.971875848475120527e+26 3.337931350090527771e-01
4.078658072464793804e+05 3.718635708682093057e+26 4.176513124108950370e-01
4.078658072464793804e+05 4.653038094098342322e+26 5.225720214161481136e-01
4.078658072464793804e+05 5.822232991142736975e+26 6.538426771776305602e-01
4.078658072464793804e+05 7.285218026937235028e+26 8.180764251663306119e-01
4.078658072464793804e+05 9.115815492226505885e+26 1.023543644164073729e+00
4.078658072464793804e+05 1.140639741749114060e+27 1.280585820636355843e+00
4.078658072464793804e+05 1.427254666976269239e+27 1.602132006621979965e+00
4.078658072464793804e+05 1.785888926929564671e+27 2.004342806762386520e+00
4.078658072464793804e+05 2.234639222505804895e+27 2.507412684814671167e+00
4.078658072464793804e+05 2.796149513814807903e+27 3.136568423329627375e+00
4.078658072464793804e+05 3.498753635425582340e+27 3.923309965352362649e+00
4.078658072464793804e+05 4.377905022933792316e+27 4.906949778112018379e+00
4.078658072464793804e+05 5.477965694917415058e+27 6.136518381696645541e+00
4.078658072464793804e+05 6.854444762390599226e+27 7.673116588332227650e+00
4.078658072464793804e+05 8.576799421043515829e+27 9.592808997347651356e+00
4.078658072464793804e+05 1.073193976446264606e+28 1.199016742769201826e+01
4.078658072464793804e+05 1.342861427136436151e+28 1.498258563793498332e+01
4.078658072464793804e+05 1.680289725872494801e+28 1.871549503391792513e+01
4.078658072464793804e+05 2.102505519793893679e+28 2.336861029730181016e+01
4.078658072464793804e+05 2.630813836862818728e+28 2.916331690540037869e+01
4.078658072464793804e+05 3.291873138533943251e+28 3.637126835164502126e+01
4.078658072464793804e+05 4.119040506919145293e+28 4.532417421255882317e+01
4.078658072464793804e+05 5.154054844652018122e+28 5.642461051484986712e+01
4.078658072464793804e+05 6.449143021793151985e+28 7.015744592851342532e+01
4.078658072464793804e+05 8.069655246043740490e+28 8.710112424939083553e+01
4.078658072464793804e+05 1.009736263716712308e+29 1.079375549070662856e+02
4.078658072464793804e+05 1.263458340137198547e+29 1.334587400564393249e+02
4.078658072464793804e+05 1.580934581260225264e+29 1.645675583607153385e+02
4.078658072464793804e+05 1.978184852500193850e+29 2.022694656791506418e+02
4.078658072464793804e+05 2.475254420421264535e+29 2.476515176288290832e+02
4.078658072464793804e+05 3.097225437790278187e+29 3.018454619596020052e+02
4.078658072464793804e+05 3.875482590134140155e+29 3.659731675755251104e+02
4.078658072464793804e+05 4.849296768383905333e+29 4.410757362312522218e+02
4.078658072464793804e+05 6.067806679798462811e+29 5.280322505303847720e+02
4.078658072464793804e+05 7.592498389344203995e+29 6.274794194832267067e+02
5.091004967217157828e+05 1.898124597336050710e+26 2.471658901551848642e-01
5.091004967217157828e+05 2.375076977325066006e+26 3.092651312269937280e-01
5.091004967217157828e+05 2.971875848475120527e+26 3.869641444880602688e-01
5.091004967217157828e+05 3.718635708682093057e+26 4.841803699219888180e-01
5.091004967217157828e+05 4.653038094098342322e+26 6.058142427160303489e-01
5.091004967217157828e+05 5.822232991142736975e+26 7.579954337344599891e-01
5.091004967217157828e+05 7.285218026937235028e+26 9.483905183369332192e-01
5.091004967217157828e+05 9.115815492226505885e+26 1.186587286973415756e+00
5.091004967217157828e+05 1.140639741749114060e+27 1.484574559173014396e+00
5.091004967217157828e+05 1.427254666976269239e+27 1.857340894388782804e+00
5.091004967217157828e+05 1.785888926929564671e+27 2.323621171998643486e+00
5.091004967217157828e+05 2.234639222505804895e+27 2.906826696536156884e+00
5.091004967217157828e+05 2.796149513814807903e+27 3.636202701597157638e+00
5.091004967217157828e+05 3.498753635425582340e+27 4.548266846196176161e+00
5.091004967217157828e+05 4.377905022933792316e+27 5.688593782949582511e+00
5.091004967217157828e+05 5.477965694917415058e+27 7.114024217055249899e+00
5.091004967217157828e+05 6.854444762390599226e+27 8.895391812197653181e+00
5.091004967217157828e+05 8.576799421043515829e+27 1.112087755596165373e+01
5.091004967217157828e+05 1.073193976446264606e+28 1.390011755202565880e+01
5.091004967217157828e+05 1.342861427136436151e+28 1.736920487200281116e+01
5.091004967217157828e+05 1.680289725872494801e+28 2.169673576481663346e+01
5.091004967217157828e+05 2.102505519793893679e+28 2.709104952016834389e+01
5.091004967217157828e+05 2.630813836862818728e+28 3.380879156780027017e+01
5.091004967217157828e+05 3.291873138533943251e+28 4.216487783108212284e+01
5.091004967217157828e+05 4.119040506919145293e+28 5.254383753466904494e+01
5.091004967217157828e+05 5.154054844652018122e+28 6.541233726233753032e+01
5.091004967217157828e+05 6.449143021793151985e+28 8.133241172347781855e+01
5.091004967217157828e+05 8.069655246043740490e+28 1.009745148583050707e+02
5.091004967217157828e+05 1.009736263716712308e+29 1.251289339835910539e+02
5.091004967217157828e+05 1.263458340137198547e+29 1.547133802198096646e+02
5.091004967217157828e+05 1.580934581260225264e+29 1.907737365439518271e+02
5.091004967217157828e+05 1.978184852500193850e+29 2.344741648087266697e+02
5.091004967217157828e+05 2.475254420421264535e+29 2.870723425877617387e+02
5.091004967217157828e+05 3.097225437790278187e+29 3.498759796348130635e+02
5.091004967217157828e+05 3.875482590134140155e+29 4.241785141573264468e+02
5.091004967217157828e+05 4.849296768383905333e+29 5.111754703737715886e+02
5.091004967217157828e+05 6.067806679798462811e+29 6.118683495017996847e+02
5.091004967217157828e+05 7.592498389344203995e+29 7.269691727919939694e+02
6.354622308549379231e+05 1.898124597336050710e+26 2.865332051824417969e-01
6.354622308549379231e+05 2.375076977325066006e+26 3.585232922305179870e-01
6.354622308549379231e+05 2.971875848475120527e+26 4.485978064036965640e-01
6.354622308549379231e+05 3.718635708682093057e+26 5.612981319093247601e-01
6.354622308549379231e+05 4.653038094098342322e+26 7.023052239724211221e-01
6.354622308549379231e+05 5.822232991142736975e+26 8.787250525793427469e-01
6.354622308549379231e+05 7.285218026937235028e+26 1.099445286950720524e+00
6.354622308549379231e+05 9.115815492226505885e+26 1.375580813773875866e+00
6.354622308549379231e+05 1.140639741749114060e+27 1.721029963835006837e+00
6.354622308549379231e+05 1.427254666976269239e+27 2.153168601266325588e+00
6.354622308549379231e+05 1.785888926929564671e+27 2.693715596065504148e+00
6.354622308549379231e+05 2.234639222505804895e+27 3.369811078070867438e+00
6.354622308549379231e+05 2.796149513814807903e+27 4.215358303827474451e+00
6.354622308549379231e+05 3.498753635425582340e+27 5.272691254755393686e+00
6.354622308549379231e+05 4.377905022933792316e+27 6.594643442979968739e+00
6.354622308549379231e+05 5.477965694917415058e+27 8.247108786474495190e+00
6.354622308549379231e+05 6.854444762390599226e+27 1.031220282063641669e+01
6.354622308549379231e+05 8.576799421043515829e+27 1.289215125149133101e+01
6.354622308549379231e+05 1.073193976446264606e+28 1.611405187066602451e+01
6.354622308549379231e+05 1.342861427136436151e+28 2.013567283081311032e+01
6.354622308549379231e+05 1.680289725872494801e+28 2.515246132343106211e+01
6.354622308549379231e+05 2.102505519793893679e+28 3.140593560160555953e+01
6.354622308549379231e+05 2.630813836862818728e+28 3.919361004211284438e+01
6.354622308549379231e+05 3.291873138533943251e+28 4.888054293861829791e+01
6.354622308549379231e+05 4.119040506919145293e+28 6.091247903260842378e+01
6.354622308549379231e+05 5.154054844652018122e+28 7.583035535010181150e+01
6.354622308549379231e+05 6.449143021793151985e+28 9.428561508952006420e+01
6.354622308549379231e+05 8.069655246043740490e+28 1.170552928868237501e+02
6.354622308549379231e+05 1.009736263716712308e+29 1.450551661556393697e+02
6.354622308549379231e+05 1.263458340137198547e+29 1.793484106866005732e+02
6.354622308549379231e+05 1.580934581260225264e+29 2.211462177301292229e+02
6.354622308549379231e+05 1.978184852500193850e+29 2.717959022362502424e+02
6.354622308549379231e+05 2.475254420421264535e+29 3.327515039915309103e+02
6.354622308549379231e+05 3.097225437790278187e+29 4.055222936637672433e+02
6.354622308549379231e+05 3.875482590134140155e+29 4.915966091807546832e+02
6.354622308549379231e+05 4.849296768383905333e+29 5.923426183783865326e+02
6.354622308549379231e+05 6.067806679798462811e+29 7.088939310233791957e+02
6.354622308549379231e+05 7.592498389344203995e+29 8.420353721805894338e+02
7.931876897457945161e+05 1.898124597336050710e+26 3.321784205852775784e-01
7.931876897457945161e+05 2.375076977325066006e+26 4.156366507374424923e-01
7.931876897457945161e+05 2.971875848475120527e+26 5.200601841187458829e-01
7.931876897457945161e+05 3.718635708682093057e+26 6.507138598088775261e-01
7.931876897457945161e+05 4.653038094098342322e+26 8.141836164881237625e-01
7.931876897457945161e+05 5.822232991142736975e+26 1.018707415754487977e+00
7.931876897457945161e+05 7.285218026937235028e+26 1.274588751253966645e+00
7.931876897457945161e+05 9.115815492226505885e+26 1.594713122250847714e+00
7.931876897457945161e+05 1.140639741749114060e+27 1.995192893712258719e+00
7.931876897457945161e+05 1.427254666976269239e+27 2.496171927613503705e+00
7.931876897457945161e+05 1.785888926929564671e+27 3.122828940671142472e+00
7.931876897457945161e+05 2.234639222505804895e+27 3.906627524279278063e+00
7.931876897457945161e+05 2.796149513814807903e+27 4.886871762365198713e+00
7.931876897457945161e+05 3.498753635425582340e+27 6.112639479980192192e+00
7.931876897457945161e+05 4.377905022933792316e+27 7.645180591812835935e+00
7.931876897457945161e+05 5.477965694917415058e+27 9.560885904695261672e+00
7.931876897457945161e+05 6.854444762390599226e+27 1.195495185662322868e+01
7.931876897457945161e+05 8.576799421043515829e+27 1.494588841332164897e+01
7.931876897457945161e+05 1.073193976446264606e+28 1.868103935233177282e+01
7.931876897457945161e+05 1.342861427136436151e+28 2.334330379152128643e+01
7.931876897457945161e+05 1.680289725872494801e+28 2.915926056319664639e+01
7.931876897457945161e+05 2.102505519793893679e+28 3.640889555148893919e+01
7.931876897457945161e+05 2.630813836862818728e+28 4.543710486656752323e+01
7.931876897457945161e+05 3.291873138533943251e+28 5.666707654367939284e+01
7.931876897457945161e+05 4.119040506919145293e+28 7.061551595793264369e+01
7.931876897457945161e+05 5.154054844652018122e+28 8.790944221857868968e+01
7.931876897457945161e+05 6.449143021793151985e+28 1.093039038788208615e+02
7.931876897457945161e+05 8.069655246043740490e+28 1.356993978848286702e+02
7.931876897457945161e+05 1.009736263716712308e+29 1.681569900816279244e+02
7.931876897457945161e+05 1.263458340137198547e+29 2.079081256710449281e+02
7.931876897457945161e+05 1.580934581260225264e+29 2.563549549759799788e+02
7.931876897457945161e+05 1.978184852500193850e+29 3.150558884520673928e+02
7.931876897457945161e+05 2.475254420421264535e+29 3.856904377849556340e+02
7.931876897457945161e+05 3.097225437790278187e+29 4.699978309809637267e+02
7.931876897457945161e+05 3.875482590134140155e+29 5.696861995857365173e+02
7.931876897457945161e+05 4.849296768383905333e+29 6.863140021153064936e+02
7.931876897457945161e+05 6.067806679798462811e+29 8.211528070383400291e+02
7.931876897457945161e+05 7.592498389344203995e+29 9.750493588826766427e+02
9.900615341337119462e+05 1.898124597336050710e+26 3.850873648289030449e-01
9.900615341337119462e+05 2.375076977325066006e+26 4.818387097331343072e-01
9.900615341337119462e+05 2.971875848475120527e+26 6.028946868374396306e-01
9.900615341337119462e+05 3.718635708682093057e+26 7.543587075800844977e-01
9.900615341337119462e+05 4.653038094098342322e+26 9.438657100611890227e-01
9.900615341337119462e+05 5.822232991142736975e+26 1.180965789913366315e+00
9.900615341337119462e+05 7.285218026937235028e+26 1.477603565211205172e+00
9.900615341337119462e+05 9.115815492226505885e+26 1.848716923318420635e+00
9.900615341337119462e+05 1.140639741749114060e+27 2.312984578818982673e+00
9.900615341337119462e+05 1.427254666976269239e+27 2.893758879189766375e+00
9.900615341337119462e+05 1.785888926929564671e+27 3.620228970373593480e+00
9.900615341337119462e+05 2.234639222505804895e+27 4.528869906564960246e+00
9.900615341337119462e+05 2.796149513814807903e+27 5.665246050671326472e+00
9.900615341337119462e+05 3.498753635425582340e+27 7.086252228827464528e+00
9.900615341337119462e+05 4.377905022933792316e+27 8.862894063996428429e+00
9.900615341337119462e+05 5.477965694917415058e+27 1.108372960018917652e+01
9.900615341337119462e+05 6.854444762390599226e+27 1.385911766760288621e+01
9.900615341337119462e+05 8.576799421043515829e+27 1.732644361646918085e+01
9.900615341337119462e+05 1.073193976446264606e+28 2.165651853772667224e+01
9.900615341337119462e+05 1.342861427136436151e+28 2.706137073215704447e+01
9.900615341337119462e+05 1.680289725872494801e+28 3.380366287813782122e+01
9.900615341337119462e+05 2.102505519793893679e+28 4.220796631904330809e+01
9.900615341337119462e+05 2.630813836862818728e+28 5.267409180981829309e+01
9.900615341337119462e+05 3.291873138533943251e+28 6.569259381639547257e+01
9.900615341337119462e+05 4.119040506919145293e+28 8.186240425642216678e+01
9.900615341337119462e+05 5.154054844652018122e+28 1.019102726696864778e+02
9.900615341337119462e+05 6.449143021793151985e+28 1.267112449174348967e+02
9.900615341337119462e+05 8.069655246043740490e+28 1.573087484619930763e+02
9.900615341337119462e+05 1.009736263716712308e+29 1.949319251790886085e+02
9.900615341337119462e+05 1.263458340137198547e+29 2.410066555309562659e+02
9.900615341337119462e+05 1.580934581260225264e+29 2.971553294975616950e+02
9.900615341337119462e+05 1.978184852500193850e+29 3.651790749793213990e+02
9.900615341337119462e+05 2.475254420421264535e+29 4.470153230645202598e+02
9.900615341337119462e+05 3.097225437790278187e+29 5.446640204100468736e+02
9.900615341337119462e+05 3.875482590134140155e+29 6.600784418649219560e+02
9.900615341337119462e+05 4.849296768383905333e+29 7.950222492488973103e+02
9.900615341337119462e+05 6.067806679798462811e+29 9.509032889090366325e+02
9.900615341337119462e+05 7.592498389344203995e+29 1.128605196780944652e+03
1.235800623286711518e+06 1.898124597336050710e+26 4.464317252651718859e-01
1.235800623286711518e+06 2.375076977325066006e+26 5.585955466944035885e-01
1.235800623286711518e+06 2.971875848475120527e+26 6.989357229660650983e-01
1.235800623286711518e+06 3.718635708682093057e+26 8.745279401997553270e-01
1.235800623286711518e+06 4.653038094098342322e+26 1.094223380294177650e+00
1.235800623286711518e+06 5.822232991142736975e+26 1.369093469108650263e+00
1.235800623286711518e+06 7.285218026937235028e+26 1.712985596611876549e+00
1.235800623286711518e+06 9.115815492226505885e+26 2.143217252186990329e+00
1.235800623286711518e+06 1.140639741749114060e+27 2.681442667444441597e+00
1.235800623286711518e+06 1.427254666976269239e+27 3.354734209905168463e+00
1.235800623286711518e+06 1.785888926929564671e+27 4.196930837893019017e+00
1.235800623286711518e+06 2.234639222505804895e+27 5.250318061395566005e+00
1.235800623286711518e+06 2.796149513814807903e+27 6.567718595505774637e+00
1.235800623286711518e+06 3.498753635425582340e+27 8.215090530334389740e+00
1.235800623286711518e+06 4.377905022933792316e+27 1.027475052002037970e+01
1.235800623286711518e+06 5.477965694917415058e+27 1.284936359701802644e+01
1.235800623286711518e+06 6.854444762390599226e+27 1.606686815864276241e+01
1.235800623286711518e+06 8.576799421043515829e+27 2.008653389326339322e+01
1.235800623286711518e+06 1.073193976446264606e+28 2.510637987434003904e+01
1.235800623286711518e+06 1.342861427136436151e+28 3.137220620478041155e+01
1.235800623286711518e+06 1.680289725872494801e+28 3.918850938865612221e+01
1.235800623286711518e+06 2.102505519793893679e+28 4.893154884891436751e+01
1.235800623286711518e+06 2.630813836862818728e+28 6.106479406217085426e+01
1.235800623286711518e+06 3.291873138533943251e+28 7.615688492974400958e+01
1.235800623286711518e+06 4.119040506919145293e+28 9.490204846134798800e+01
1.235800623286711518e+06 5.154054844652018122e+28 1.181425866595837846e+02
1.235800623286711518e+06 6.449143021793151985e+28 1.468925259393140550e+02
1.235800623286711518e+06 8.069655246043740490e+28 1.823607335241783289e+02
1.235800623286711518e+06 1.009736263716712308e+29 2.259707059791012114e+02
1.235800623286711518e+06 1.263458340137198547e+29 2.793728061231192896e+02
1.235800623286711518e+06 1.580934581260225264e+29 3.444430526719051500e+02
1.235800623286711518e+06 1.978184852500193850e+29 4.232609206790849044e+02
1.235800623286711518e+06 2.475254420421264535e+29 5.180575395066516649e+02
1.235800623286711518e+06 3.097225437790278187e+29 6.311260689850992094e+02
1.235800623286711518e+06 3.875482590134140155e+29 7.646890470606764438e+02
1.235800623286711518e+06 4.849296768383905333e+29 9.207241895937130494e+02
1.235800623286711518e+06 6.067806679798462811e+29 1.100760702151793566e+03
1.235800623286711518e+06 7.592498389344203995e+29 1.305671026528276116e+03
1.542533598027422093e+06 1.898124597336050710e+26 5.175311703177416511e-01
1.542533598027422093e+06 2.375076977325066006e+26 6.475583865796177285e-01
1.542533598027422093e+06 2.971875848475120527e+26 8.102493672190222984e-01
1.542533598027422093e+06 3.718635708682093057e+26 1.013806686641844257e+00
1.542533598027422093e+06 4.653038094098342322e+26 1.268491181594021189e+00
1.542533598027422093e+06 5.822232991142736975e+26 1.587137526123010955e+00
1.542533598027422093e+06 7.285218026937235028e+26 1.985798472080853916e+00
1.542533598027422093e+06 9.115815492226505885e+26 2.484549516004068259e+00
1.542533598027422093e+06 1.140639741749114060e+27 3.108493571377552112e+00
1.542533598027422093e+06 1.427254666976269239e+27 3.889014590251262948e+00
1.542533598027422093e+06 1.785888926929564671e+27 4.865340761717229512e+00
1.542533598027422093e+06 2.234639222505804895e+27 6.086492021702071931e+00
1.542533598027422093e+06 2.796149513814807903e+27 7.613703659028194792e+00
1.542533598027422093e+06 3.498753635425582340e+27 9.523438232065544184e+00
1.542533598027422093e+06 4.377905022933792316e+27 1.191112204568615418e+01
1.542533598027422093e+06 5.477965694917415058e+27 1.489577026923556424e+01
1.542533598027422093e+06 6.854444762390599226e+27 1.862569607528239146e+01
1.542533598027422093e+06 8.576799421043515829e+27 2.328553294628120796e+01
1.542533598027422093e+06 1.073193976446264606e+28 2.910483336633362939e+01
1.542533598027422093e+06 1.342861427136436151e+28 3.636853730102797044e+01
1.542533598027422093e+06 1.680289725872494801e+28 4.542962292378810218e+01
1.542533598027422093e+06 2.102505519793893679e+28 5.672424827986599638e+01
1.542533598027422093e+06 2.630813836862818728e+28 7.078964733080911742e+01
1.542533598027422093e+06 3.291873138533943251e+28 8.828492928265758621e+01
1.542533598027422093e+06 4.119040506919145293e+28 1.100147062043881334e+02
1.542533598027422093e+06 5.154054844652018122e+28 1.369550858520929069e+02
1.542533598027422093e+06 6.449143021793151985e+28 1.702809449588384609e+02
1.542533598027422093e+06 8.069655246043740490e+28 2.113924647874763139e+02
1.542533598027422093e+06 1.009736263716712308e+29 2.619375955553110202e+02
1.542533598027422093e+06 1.263458340137198547e+29 3.238253960661326687e+02
1.542533598027422093e+06 1.580934581260225264e+29 3.992231597569532937e+02
1.542533598027422093e+06 1.978184852500193850e+29 4.905281946469536933e+02
1.542533598027422093e+06 2.475254420421264535e+29 6.003037165740877299e+02
1.542533598027422093e+06 3.097225437790278187e+29 7.311686111245743405e+02
1.542533598027422093e+06 3.875482590134140155e+29 8.856342398945128025e+02
1.542533598027422093e+06 4.849296768383905333e+29 1.065889370881826153e+03
1.542533598027422093e+06 6.067806679798462811e+29 1.273547106196660252e+03
1.542533598027422093e+06 7.592498389344203995e+29 1.509383569155936584e+03
1.925399499083591625e+06 1.898124597336050710e+26 5.999852152669032934e-01
1.925399499083591625e+06 2.375076977325066006e+26 7.507286124774005254e-01
1.925399499083591625e+06 2.971875848475120527e+26 9.393398280048550486e-01
1.925399499083591625e+06 3.718635708682093057e+26 1.175328284233874587e+00
1.925399499083591625e+06 4.653038094098342322e+26 1.470589590999876073e+00
1.925399499083591625e+06 5.822232991142736975e+26 1.840003271363058968e+00
1.925399499083591625e+06 7.285218026937235028e+26 2.302179625820676367e+00
1.925399499083591625e+06 9.115815492226505885e+26 2.880392615590967154e+00
1.925399499083591625e+06 1.140639741749114060e+27 3.603744589878985050e+00
1.925399499083591625e+06 1.427254666976269239e+27 4.508619639400088808e+00
1.925399499083591625e+06 1.785888926929564671e+27 5.640495837792762757e+00
1.925399499083591625e+06 2.234639222505804895e+27 7.056203020047436603e+00
1.925399499083591625e+06 2.796149513814807903e+27 8.826732499989066838e+00
1.925399499083591625e+06 3.498753635425582340e+27 1.104072880675392554e+01
1.925399499083591625e+06 4.377905022933792316e+27 1.380882137576992541e+01
1.925399499083591625e+06 5.477965694917415058e+27 1.726898638001300057e+01
1.925399499083591625e+06 6.854444762390599226e+27 2.159316512035840674e+01
1.925399499083591625e+06 8.576799421043515829e+27 2.699540449049281321e+01
1.925399499083591625e+06 1.073193976446264606e+28 3.374182437732371653e+01
1.925399499083591625e+06 1.342861427136436151e+28 4.216275152969485163e+01
1.925399499083591625e+06 1.680289725872494801e+28 5.266738111131783029e+01
1.925399499083591625e+06 2.102505519793893679e+28 6.576132163732280844e+01
1.925399499083591625e+06 2.630813836862818728e+28 8.206732474889479079e+01
1.925399499083591625e+06 3.291873138533943251e+28 1.023493649427147005e+02
1.925399499083591625e+06 4.119040506919145293e+28 1.275399682276562885e+02
1.925399499083591625e+06 5.154054844652018122e+28 1.587702269510137114e+02
1.925399499083591625e+06 6.449143021793151985e+28 1.974011962162742577e+02
1.925399499083591625e+06 8.069655246043740490e+28 2.450542483638138833e+02
1.925399499083591625e+06 1.009736263716712308e+29 3.036363756115400179e+02
1.925399499083591625e+06 1.263458340137198547e+29 3.753543373552822118e+02
1.925399499083591625e+06 1.580934581260225264e+29 4.627090388088187751e+02
1.925399499083591625e+06 1.978184852500193850e+29 5.684589489463633072e+02
1.925399499083591625e+06 2.475254420421264535e+29 6.955394778232503086e+02
1.925399499083591625e+06 3.097225437790278187e+29 8.469253339439878800e+02
1.925399499083591625e+06 3.875482590134140155e+29 1.025426751161776110e+03
1.925399499083591625e+06 4.849296768383905333e+29 1.233419905658092148e+03
1.925399499083591625e+06 6.067806679798462811e+29 1.472527554168450934e+03
1.925399499083591625e+06 7.592498389344203995e+29 1.743285949759349478e+03
2.403294966029935051e+06 1.898124597336050710e+26 6.955553146680882870e-01
2.403294966029935051e+06 2.375076977325066006e+26 8.703102392977889457e-01
2.403294966029935051e+06 2.971875848475120527e+26 1.088964849187408879e+00
2.403294966029935051e+06 3.718635708682093057e+26 1.362543297674696285e+00
2.403294966029935051e+06 4.653038094098342322e+26 1.704836015697454910e+00
2.403294966029935051e+06 5.822232991142736975e+26 2.133092645795652942e+00
2.403294966029935051e+06 7.285218026937235028e+26 2.668887868704472588e+00
2.403294966029935051e+06 9.115815492226505885e+26 3.339202895337838317e+00
2.403294966029935051e+06 1.140639741749114060e+27 4.177775701988222679e+00
2.403294966029935051e+06 1.427254666976269239e+27 5.226785885042391833e+00
2.403294966029935051e+06 1.785888926929564671e+27 6.538955565099771938e+00
2.403294966029935051e+06 2.234639222505804895e+27 8.180166779414673073e+00
2.403294966029935051e+06 2.796149513814807903e+27 1.023271871476934436e+01
2.403294966029935051e+06 3.498753635425582340e+27 1.279937556712032887e+01
2.403294966029935051e+06 4.377905022933792316e+27 1.600838807227750138e+01
2.403294966029935051e+06 5.477965694917415058e+27 2.001970915280283592e+01
2.403294966029935051e+06 6.854444762390599226e+27 2.503266600587086543e+01
2.403294966029935051e+06 8.576799421043515829e+27 3.129539623749392163e+01
2.403294966029935051e+06 1.073193976446264606e+28 3.911640096640525144e+01
2.403294966029935051e+06 1.342861427136436151e+28 4.887860766444115512e+01
2.403294966029935051e+06 1.680289725872494801e+28 6.105635972909050935e+01
2.403294966029935051e+06 2.102505519793893679e+28 7.623574190953672769e+01
2.403294966029935051e+06 2.630813836862818728e+28 9.513858482130599725e+01
2.403294966029935051e+06 3.291873138533943251e+28 1.186503282326121109e+02
2.403294966029935051e+06 4.119040506919145293e+28 1.478516041427867549e+02
2.403294966029935051e+06 5.154054844652018122e+28 1.840528468823215462e+02
2.403294966029935051e+06 6.449143021793151985e+28 2.288303446033706621e+02
2.403294966029935051e+06 8.069655246043740490e+28 2.840607922187452345e+02
2.403294966029935051e+06 1.009736263716712308e+29 3.519494708157949390e+02
2.403294966029935051e+06 1.263458340137198547e+29 4.350445972977533415e+02
2.403294966029935051e+06 1.580934581260225264e+29 5.362272453166533523e+02
2.403294966029935051e+06 1.978184852500193850e+29 6.586629256665520415e+02
2.403294966029935051e+06 2.475254420421264535e+29 8.056983349877269802e+02
2.403294966029935051e+06 3.097225437790278187e+29 9.806865362992739392e+02
2.403294966029935051e+06 3.875482590134140155e+29 1.186728203666340733e+03
2.403294966029935051e+06 4.849296768383905333e+29 1.426327978606882880e+03
2.403294966029935051e+06 6.067806679798462811e+29 1.700984680566418092e+03
2.403294966029935051e+06 7.592498389344203995e+29 2.010759998148363593e+03
2.999806895396967418e+06 1.898124597336050710e+26 8.063035848567655650e-01
2.999806895396967418e+06 2.375076977325066006e+26 1.008883477882239976e+00
2.999806895396967418e+06 2.971875848475120527e+26 1.262352886969737353e+00
2.999806895396967418e+06 3.718635708682093057e+26 1.579491260699058985e+00
2.999806895396967418e+06 4.653038094098342322e+26 1.976284782816655872e+00
2.999806895396967418e+06 5.822232991142736975e+26 2.472729626608722864e+00
2.999806895396967418e+06 7.285218026937235028e+26 3.093835651254662533e+00
2.999806895396967418e+06 9.115815492226505885e+26 3.870880085309440943e+00
2.999806895396967418e+06 1.140639741749114060e+27 4.842972741384568458e+00
2.999806895396967418e+06 1.427254666976269239e+27 6.059009139016747092e+00
2.999806895396967418e+06 1.785888926929564671e+27 7.580105905342803041e+00
2.999806895396967418e+06 2.234639222505804895e+27 9.482634874602293706e+00
2.999806895396967418e+06 2.796149513814807903e+27 1.186199891364449854e+01
2.999806895396967418e+06 3.498753635425582340e+27 1.483732415856012388e+01
2.999806895396967418e+06 4.377905022933792316e+27 1.855728089666658676e+01
2.999806895396967418e+06 5.477965694917415058e+27 2.320728845431800025e+01
2.999806895396967418e+06 6.854444762390599226e+27 2.901840805500724940e+01
2.999806895396967418e+06 8.576799421043515829e+27 3.627827982011550745e+01
2.999806895396967418e+06 1.073193976446264606e+28 4.534451232128809295e+01
2.999806895396967418e+06 1.342861427136436151e+28 5.666097862089511494e+01
2.999806895396967418e+06 1.680289725872494801e+28 7.077749947815051712e+01
2.999806895396967418e+06 2.102505519793893679e+28 8.837338292418560570e+01
2.999806895396967418e+06 2.630813836862818728e+28 1.102852083991452901e+02
2.999806895396967418e+06 3.291873138533943251e+28 1.375390454554312782e+02
2.999806895396967418e+06 4.119040506919145293e+28 1.713869118836746281e+02
2.999806895396967418e+06 5.154054844652018122e+28 2.133466053244940781e+02
2.999806895396967418e+06 6.449143021793151985e+28 2.652429562431074146e+02
2.999806895396967418e+06 8.069655246043740490e+28 3.292468913445794101e+02
2.999806895396967418e+06 1.009736263716712308e+29 4.079063042567013326e+02
2.999806895396967418e+06 1.263458340137198547e+29 5.041594988666538484e+02
2.999806895396967418e+06 1.580934581260225264e+29 6.213179669176101925e+02
2.999806895396967418e+06 1.978184852500193850e+29 7.630009238042719062e+02
2.999806895396967418e+06 2.475254420421264535e+29 9.330004426788608498e+02
2.999806895396967418e+06 3.097225437790278187e+29 1.135055212492644387e+03
2.999806895396967418e+06 3.875482590134140155e+29 1.372515899453967904e+03
2.999806895396967418e+06 4.849296768383905333e+29 1.647899210089040480e+03
2.999806895396967418e+06 6.067806679798462811e+29 1.962353124926540659e+03
2.999806895396967418e+06 7.592498389344203995e+29 2.315090282646644937e+03
3.744376590001604520e+06 1.898124597336050710e+26 9.347837970175948419e-01
3.744376590001604520e+06 2.375076977325066006e+26 1.169643724748255842e+00
3.744376590001604520e+06 2.971875848475120527e+26 1.463502141098699028e+00
3.744376590001604520e+06 3.718635708682093057e+26 1.831174835619844732e+00
3.744376590001604520e+06 4.653038094098342322e+26 2.291195300771447396e+00
3.744376590001604520e+06 5.822232991142736975e+26 2.866745990135547206e+00
3.744376590001604520e+06 7.285218026937235028e+26 3.586821950620367794e+00
3.744376590001604520e+06 9.115815492226505885e+26 4.487684252096016735e+00
3.744376590001604520e+06 1.140639741749114060e+27 5.614674630339941075e+00
3.744376590001604520e+06 1.427254666976269239e+27 7.024479797032791240e+00
3.744376590001604520e+06 1.785888926929564671e+27 8.787954891661483359e+00
3.744376590001604520e+06 2.234639222505804895e+27 1.099364101568138707e+01
3.744376590001604520e+06 2.796149513814807903e+27 1.375214260813176281e+01
3.744376590001604520e+06 3.498753635425582340e+27 1.720156721417673040e+01
3.744376590001604520e+06 4.377905022933792316e+27 2.151427355158953247e+01
3.744376590001604520e+06 5.477965694917415058e+27 2.690522381340509739e+01
3.744376590001604520e+06 6.854444762390599226e+27 3.364229228742399158e+01
3.744376590001604520e+06 8.576799421043515829e+27 4.205894265983558000e+01
3.744376590001604520e+06 1.073193976446264606e+28 5.256974634572157612e+01
3.744376590001604520e+06 1.342861427136436151e+28 6.568926595434601268e+01
3.744376590001604520e+06 1.680289725872494801e+28 8.205485701773658036e+01
3.744376590001604520e+06 2.102505519793893679e+28 1.024539239968838160e+02
3.744376590001604520e+06 2.630813836862818728e+28 1.278560654978798681e+02
3.744376590001604520e+06 3.291873138533943251e+28 1.594503005693276805e+02
3.744376590001604520e+06 4.119040506919145293e+28 1.986870966932118279e+02
3.744376590001604520e+06 5.154054844652018122e+28 2.473240976989083322e+02
3.744376590001604520e+06 6.449143021793151985e+28 3.074731108419879888e+02
3.744376590001604520e+06 8.069655246043740490e+28 3.816438509056235944e+02
3.744376590001604520e+06 1.009736263716712308e+29 4.727769341325580967e+02
3.744376590001604520e+06 1.263458340137198547e+29 5.842544976498442111e+02
3.744376590001604520e+06 1.580934581260225264e+29 7.198716212251688376e+02
3.744376590001604520e+06 1.978184852500193850e+29 8.837459373958340620e+02
3.744376590001604520e+06 2.475254420421264535e+29 1.080137766605538218e+03
3.744376590001604520e+06 3.097225437790278187e+29 1.313151413772908199e+03
3.744376590001604520e+06 3.875482590134140155e+29 1.586293980172009697e+03
3.744376590001604520e+06 4.849296768383905333e+29 1.901886074485699282e+03
3.744376590001604520e+06 6.067806679798462811e+29 2.260352658738801892e+03
3.744376590001604520e+06 7.592498389344203995e+29 2.659470005406379187e+03
4.673752856980724260e+06 1.898124597336050710e+26 1.083653462604697637e+00
4.673752856980724260e+06 2.375076977325066006e+26 1.355916175196816065e+00
4.673752856980724260e+06 2.971875848475120527e+26 1.696573223292305643e+00
4.673752856980724260e+06 3.718635708682093057e+26 2.122799892151435941e+00
4.673752856980724260e+06 4.653038094098342322e+26 2.656081236046419214e+00
4.673752856980724260e+06 5.822232991142736975e+26 3.323291643875085022e+00
4.673752856980724260e+06 7.285218026937235028e+26 4.158043777505032956e+00
4.673752856980724260e+06 9.115815492226505885e+26 5.202373471450946418e+00
4.673752856980724260e+06 1.140639741749114060e+27 6.508843352190679887e+00
4.673752856980724260e+06 1.427254666976269239e+27 8.143167736760284825e+00
4.673752856980724260e+06 1.785888926929564671e+27 1.018748570773651529e+01
4.673752856980724260e+06 2.234639222505804895e+27 1.274443874841090718e+01
4.673752856980724260e+06 2.796149513814807903e+27 1.594224512052072917e+01
4.673752856980724260e+06 3.498753635425582340e+27 1.994100567400753121e+01
4.673752856980724260e+06 4.377905022933792316e+27 2.494052606536718386e+01
4.673752856980724260e+06 5.477965694917415058e+27 3.118999820249094768e+01
4.673752856980724260e+06 6.854444762390599226e+27 3.899994860779501238e+01
4.673752856980724260e+06 8.576799421043515829e+27 4.875693081250686589e+01
4.673752856980724260e+06 1.073193976446264606e+28 6.094150764918894936e+01
4.673752856980724260e+06 1.342861427136436151e+28 7.615012758963810313e+01
4.673752856980724260e+06 1.680289725872494801e+28 9.512152991054027495e+01
4.673752856980724260e+06 2.102505519793893679e+28 1.187682876778674341e+02
4.673752856980724260e+06 2.630813836862818728e+28 1.482139692364769417e+02
4.673752856980724260e+06 3.291873138533943251e+28 1.848360963379912789e+02
4.673752856980724260e+06 4.119040506919145293e+28 2.303144923492914700e+02
4.673752856980724260e+06 5.154054844652018122e+28 2.866835910156848399e+02
4.673752856980724260e+06 6.449143021793151985e+28 3.563856000109263391e+02
4.673752856980724260e+06 8.069655246043740490e+28 4.423188092222652017e+02
4.673752856980724260e+06 1.009736263716712308e+29 5.478714908028741775e+02
4.673752856980724260e+06 1.263458340137198547e+29 6.769264919658452300e+02
4.673752856980724260e+06 1.580934581260225264e+29 8.338147382198005744e+02
4.673752856980724260e+06 1.978184852500193850e+29 1.023187992064729769e+03
4.673752856980724260e+06 2.475254420421264535e+29 1.249774031006095356e+03
4.673752856980724260e+06 3.097225437790278187e+29 1.517974406412258986e+03
4.673752856980724260e+06 3.875482590134140155e+29 1.831271837975607923e+03
4.673752856980724260e+06 4.849296768383905333e+29 2.191438368070029355e+03
4.673752856980724260e+06 6.067806679798462811e+29 2.597582539386767621e+03
4.673752856980724260e+06 7.592498389344203995e+29 3.045142675496436823e+03
5.833805773293254897e+06 1.898124597336050710e+26 1.256229569055012263e+00
5.833805773293254897e+06 2.375076977325066006e+26 1.571851193889669096e+00
5.833805773293254897e+06 2.971875848475120527e+26 1.966759223499461751e+00
5.833805773293254897e+06 3.718635708682093057e+26 2.460864170635854720e+00
5.833805773293254897e+06 4.653038094098342322e+26 3.079072664161768280e+00
5.833805773293254897e+06 5.822232991142736975e+26 3.852538941762559066e+00
5.833805773293254897e+06 7.285218026937235028e+26 4.820228594455876703e+00
5.833805773293254897e+06 9.115815492226505885e+26 6.030871803013608812e+00
5.833805773293254897e+06 1.140639741749114060e+27 7.545401937943632120e+00
5.833805773293254897e+06 1.427254666976269239e+27 9.439998466674671462e+00
5.833805773293254897e+06 1.785888926929564671e+27 1.180988120834983235e+01
5.833805773293254897e+06 2.234639222505804895e+27 1.477403726268749651e+01
5.833805773293254897e+06 2.796149513814807903e+27 1.848110327114557450e+01
5.833805773293254897e+06 3.498753635425582340e+27 2.311667504430039344e+01
5.833805773293254897e+06 4.377905022933792316e+27 2.891237470206413818e+01
5.833805773293254897e+06 5.477965694917415058e+27 3.615707233309191793e+01
5.833805773293254897e+06 6.854444762390599226e+27 4.521073414063146600e+01
5.833805773293254897e+06 8.576799421043515829e+27 5.652144867509888115e+01
5.833805773293254897e+06 1.073193976446264606e+28 7.064626128987502796e+01
5.833805773293254897e+06 1.342861427136436151e+28 8.827651191597576030e+01
5.833805773293254897e+06 1.680289725872494801e+28 1.102684019152898571e+02
5.833805773293254897e+06 2.102505519793893679e+28 1.376794767444671663e+02
5.833805773293254897e+06 2.630813836862818728e+28 1.718115450003950855e+02
5.833805773293254897e+06 3.291873138533943251e+28 2.142601713766811713e+02
5.833805773293254897e+06 4.119040506919145293e+28 2.669701434515199594e+02
5.833805773293254897e+06 5.154054844652018122e+28 3.322950179625090072e+02
5.833805773293254897e+06 6.449143021793151985e+28 4.130567163362899237e+02
5.833805773293254897e+06 8.069655246043740490e+28 5.125977867378671817e+02
5.833805773293254897e+06 1.009736263716712308e+29 6.348139384789544692e+02
5.833805773293254897e+06 1.263458340137198547e+29 7.841473724683221462e+02
5.833805773293254897e+06 1.580934581260225264e+29 9.655121399365006027e+02
5.833805773293254897e+06 1.978184852500193850e+29 1.184111885003050475e+03
5.833805773293254897e+06 2.475254420421264535e+29 1.445100068377301568e+03
5.833805773293254897e+06 3.097225437790278187e+29 1.753027986210506242e+03
5.833805773293254897e+06 3.875482590134140155e+29 2.111034934644525038e+03
5.833805773293254897e+06 4.849296768383905333e+29 2.519768906880909981e+03
5.833805773293254897e+06 6.067806679798462811e+29 2.976095166334588157e+03
5.833805773293254897e+06 7.592498389344203995e+29 3.471753673158381844e+03
7.281790638475359417e+06 1.898124597336050710e+26 1.456542848923753963e+00
7.281790638475359417e+06 2.375076977325066006e+26 1.822492220077165603e+00
7.281790638475359417e+06 2.971875848475120527e+26 2.280370677597244100e+00
7.281790638475359417e+06 3.718635708682093057e+26 2.853263586993886491e+00
7.281790638475359417e+06 4.653038094098342322e+26 3.570049079800909464e+00
7.281790638475359417e+06 5.822232991142736975e+26 4.466849107997715507e+00
7.281790638475359417e+06 7.285218026937235028e+26 5.588842535351774998e+00
7.281790638475359417e+06 9.115815492226505885e+26 6.992529811006424012e+00
7.281790638475359417e+06 1.140639741749114060e+27 8.748560400369582268e+00
7.281790638475359417e+06 1.427254666976269239e+27 1.094526085671795634e+01
7.281790638475359417e+06 1.785888926929564671e+27 1.369303400738080079e+01
7.281790638475359417e+06 2.234639222505804895e+27 1.712983944492009414e+01
7.281790638475359417e+06 2.796149513814807903e+27 2.142801342789753960e+01
7.281790638475359417e+06 3.498753635425582340e+27 2.680274342797041598e+01
7.281790638475359417e+06 4.377905022933792316e+27 3.352257981192343550e+01
7.281790638475359417e+06 5.477965694917415058e+27 4.192244442696282647e+01
7.281790638475359417e+06 6.854444762390599226e+27 5.241968211000602196e+01
7.281790638475359417e+06 8.576799421043515829e+27 6.553379258307180066e+01
7.281790638475359417e+06 1.073193976446264606e+28 8.191056900477522618e+01
7.281790638475359417e+06 1.342861427136436151e+28 1.023514409907810574e+02
7.281790638475359417e+06 1.680289725872494801e+28 1.278488478600947644e+02
7.281790638475359417e+06 2.102505519793893679e+28 1.596284082445251613e+02
7.281790638475359417e+06 2.630813836862818728e+28 1.991984326458640453e+02
7.281790638475359417e+06 3.291873138533943251e+28 2.484068308263703955e+02
7.281790638475359417e+06 4.119040506919145293e+28 3.095045177737274571e+02
7.281790638475359417e+06 5.154054844652018122e+28 3.852127526306633740e+02
7.281790638475359417e+06 6.449143021793151985e+28 4.787890690159179599e+02
7.281790638475359417e+06 8.069655246043740490e+28 5.940820507997419782e+02
7.281790638475359417e+06 1.009736263716712308e+29 7.355585362349448815e+02
7.281790638475359417e+06 1.263458340137198547e+29 9.082772612207375005e+02
7.281790638475359417e+06 1.580934581260225264e+29 1.117770181884457998e+03
7.281790638475359417e+06 1.978184852500193850e+29 1.369777496599238020e+03
7.281790638475359417e+06 2.475254420421264535e+29 1.669767762285923027e+03
7.281790638475359417e+06 3.097225437790278187e+29 2.022167554508242802e+03
7.281790638475359417e+06 3.875482590134140155e+29 2.429238534104236351e+03
7.281790638475359417e+06 4.849296768383905333e+29 2.889591256086959220e+03
7.281790638475359417e+06 6.067806679798462811e+29 3.396431359941769642e+03
7.281790638475359417e+06 7.592498389344203995e+29 3.935796742061883833e+03
9.089173853769633919e+06 1.898124597336050710e+26 1.688080471827230422e+00
9.089173853769633919e+06 2.375076977325066006e+26 2.112202549660096906e+00
9.089173853769633919e+06 2.971875848475120527e+26 2.642867109479876575e+00
9.089173853769633919e+06 3.718635708682093057e+26 3.306829247955501483e+00
9.089173853769633919e+06 4.653038094098342322e+26 4.137557665240852778e+00
9.089173853769633919e+06 5.822232991142736975e+26 5.176916377555991211e+00
9.089173853769633919e+06 7.285218026937235028e+26 6.477266016138981897e+00
9.089173853769633919e+06 9.115815492226505885e+26 8.104088482907467750e+00
9.089173853769633919e+06 1.140639741749114060e+27 1.013926380499179913e+01
9.089173853769633919e+06 1.427254666976269239e+27 1.268515897616176780e+01
9.089173853769633919e+06 1.785888926929564671e+27 1.586972631937030798e+01
9.089173853769633919e+06 2.234639222505804895e+27 1.985285491333756624e+01
9.089173853769633919e+06 2.796149513814807903e+27 2.483427409868301439e+01
9.089173853769633919e+06 3.498753635425582340e+27 3.106337417112912647e+01
9.089173853769633919e+06 4.377905022933792316e+27 3.885138708223716719e+01
9.089173853769633919e+06 5.477965694917415058e+27 4.858645909695096066e+01
9.089173853769633919e+06 6.854444762390599226e+27 6.075224649175857650e+01
9.089173853769633919e+06 8.576799421043515829e+27 7.595076961487484368e+01
9.089173853769633919e+06 1.073193976446264606e+28 9.493036050767010181e+01
9.089173853769633919e+06 1.342861427136436151e+28 1.186196159119684808e+02
9.089173853769633919e+06 1.680289725872494801e+28 1.481682882719790086e+02
9.089173853769633919e+06 2.102505519793893679e+28 1.849959559151862152e+02
9.089173853769633919e+06 2.630813836862818728e+28 2.308490170899903262e+02
9.089173853769633919e+06 3.291873138533943251e+28 2.878659008638213663e+02
9.089173853769633919e+06 4.119040506919145293e+28 3.586491444939326243e+02
9.089173853769633919e+06 5.154054844652018122e+28 4.463407903291051184e+02
9.089173853769633919e+06 6.449143021793151985e+28 5.546938739850477305e+02
9.089173853769633919e+06 8.069655246043740490e+28 6.881268713153895078e+02
9.089173853769633919e+06 1.009736263716712308e+29 8.517389152768644180e+02
9.089173853769633919e+06 1.263458340137198547e+29 1.051250421259142513e+03
9.089173853769633919e+06 1.580934581260225264e+29 1.292815950344894645e+03
9.089173853769633919e+06 1.978184852500193850e+29 1.582634689171683021e+03
9.089173853769633919e+06 2.475254420421264535e+29 1.926263314008572252e+03
9.089173853769633919e+06 3.097225437790278187e+29 2.327527089872933630e+03
9.089173853769633919e+06 3.875482590134140155e+29 2.786947859555120885e+03
9.089173853769633919e+06 4.849296768383905333e+29 3.299690907529486594e+03
9.089173853769633919e+06 6.067806679798462811e+29 3.853204963918716658e+03
9.089173853769633919e+06 7.592498389344203995e+29 4.424995871317199089e+03
1.134516020105555095e+07 1.898124597336050710e+26 1.958785239936047917e+00
1.134516020105555095e+07 2.375076977325066006e+26 2.450920579648359521e+00
1.134516020105555095e+07 2.971875848475120527e+26 3.066683810611974259e+00
1.134516020105555095e+07 3.718635708682093057e+26 3.837120532473136780e+00
1.134516020105555095e+07 4.653038094098342322e+26 4.801066557325468942e+00
1.134516020105555095e+07 5.822232991142736975e+26 6.007099286946332661e+00
1.134516020105555095e+07 7.285218026937235028e+26 7.515975975847496215e+00
1.134516020105555095e+07 9.115815492226505885e+26 9.403679244471137011e+00
1.134516020105555095e+07 1.140639741749114060e+27 1.176521938006908385e+01
1.134516020105555095e+07 1.427254666976269239e+27 1.471937875271414775e+01
1.134516020105555095e+07 1.785888926929564671e+27 1.841462755549898489e+01
1.134516020105555095e+07 2.234639222505804895e+27 2.303649336321092278e+01
1.134516020105555095e+07 2.796149513814807903e+27 2.881673125058173568e+01
1.134516020105555095e+07 3.498753635425582340e+27 3.604471778764349210e+01
1.134516020105555095e+07 4.377905022933792316e+27 4.508158201225214867e+01
1.134516020105555095e+07 5.477965694917415058e+27 5.637768920909004322e+01
1.134516020105555095e+07 6.854444762390599226e+27 7.049420701888732310e+01
1.134516020105555095e+07 8.576799421043515829e+27 8.812960180223436168e+01
1.134516020105555095e+07 1.073193976446264606e+28 1.101520240488531499e+02
1.134516020105555095e+07 1.342861427136436151e+28 1.376386209496689332e+02
1.134516020105555095e+07 1.680289725872494801e+28 1.719228200741252692e+02
1.134516020105555095e+07 2.102505519793893679e+28 2.146504871004410973e+02
1.134516020105555095e+07 2.630813836862818728e+28 2.678454508844895372e+02
1.134516020105555095e+07 3.291873138533943251e+28 3.339840104412348865e+02
1.134516020105555095e+07 4.119040506919145293e+28 4.160763700309506703e+02
1.134516020105555095e+07 5.154054844652018122e+28 5.177499916176657280e+02
1.134516020105555095e+07 6.449143021793151985e+28 6.433248598924841417e+02
1.134516020105555095e+07 8.069655246043740490e+28 7.978625640269740416e+02
1.134516020105555095e+07 1.009736263716712308e+29 9.871585485866600038e+02
1.134516020105555095e+07 1.263458340137198547e+29 1.217628428950773241e+03
1.134516020105555095e+07 1.580934581260225264e+29 1.496014101789670804e+03
1.134516020105555095e+07 1.978184852500193850e+29 1.828805042686789193e+03
1.134516020105555095e+07 2.475254420421264535e+29 2.221241755267487861e+03
1.134516020105555095e+07 3.097225437790278187e+29 2.675759322698994310e+03
1.134516020105555095e+07 3.875482590134140155e+29 3.189772304109435936e+03
1.134516020105555095e+07 4.849296768383905333e+29 3.752845944454680648e+03
1.134516020105555095e+07 6.067806679798462811e+29 4.343591099245725673e+03
1.134516020105555095e+07 7.592498389344203995e+29 4.927070253159769891e+03
1.416109561313240975e+07 1.898124597336050710e+26 2.270064256197198205e+00
1.416109561313240975e+07 2.375076977325066006e+26 2.840406936755939693e+00
1.416109561313240975e+07 2.971875848475120527e+26 3.554023737673050576e+00
1.416109561313240975e+07 3.718635708682093057e+26 4.446893837862210042e+00
1.416109561313240975e+07 4.653038094098342322e+26 5.564024590691274419e+00
1.416109561313240975e+07 5.822232991142736975e+26 6.961712997305967043e+00
1.416109561313240975e+07 7.285218026937235028e+26 8.710371416887342733e+00
1.416109561313240975e+07 9.115815492226505885e+26 1.089805701489891554e+01
1.416109561313240975e+07 1.140639741749114060e+27 1.363487821742141470e+01
1.416109561313240975e+07 1.427254666976269239e+27 1.705849291792420175e+01
1.416109561313240975e+07 1.785888926929564671e+27 2.134096399163835045e+01
1.416109561313240975e+07 2.234639222505804895e+27 2.669729933170160407e+01
1.416109561313240975e+07 2.796149513814807903e+27 3.339607799462334015e+01
1.416109561313240975e+07 3.498753635425582340e+27 4.177265243459469701e+01
1.416109561313240975e+07 4.377905022933792316e+27 5.224552032134607771e+01
1.416109561313240975e+07 5.477965694917415058e+27 6.533657748361656559e+01
1.416109561313240975e+07 6.854444762390599226e+27 8.169609310205061092e+01
1.416109561313240975e+07 8.576799421043515829e+27 1.021333815816846595e+02
1.416109561313240975e+07 1.073193976446264606e+28 1.276542661611936040e+02
1.416109561313240975e+07 1.342861427136436151e+28 1.595065064812422690e+02
1.416109561313240975e+07 1.680289725872494801e+28 1.992343404792255512e+02
1.416109561313240975e+07 2.102505519793893679e+28 2.487430735996613294e+02
1.416109561313240975e+07 2.630813836862818728e+28 3.103740716218468378e+02
1.416109561313240975e+07 3.291873138533943251e+28 3.869893050069427431e+02
1.416109561313240975e+07 4.119040506919145293e+28 4.820623098303100846e+02
1.416109561313240975e+07 5.154054844652018122e+28 5.997683721744995182e+02
1.416109561313240975e+07 6.449143021793151985e+28 7.450598411611414349e+02
1.416109561313240975e+07 8.069655246043740490e+28 9.237011952756721485e+02
1.416109561313240975e+07 1.009736263716712308e+29 1.142220829259768379e+03
1.416109561313240975e+07 1.263458340137198547e+29 1.407710378125919988e+03
1.416109561313240975e+07 1.580934581260225264e+29 1.727366674892853780e+03
1.416109561313240975e+07 1.978184852500193850e+29 2.107628893024260833e+03
1.416109561313240975e+07 2.475254420421264535e+29 2.552726004558460772e+03
1.416109561313240975e+07 3.097225437790278187e+29 3.062446875856340284e+03
1.416109561313240975e+07 3.875482590134140155e+29 3.629032833738827321e+03
1.416109561313240975e+07 4.849296768383905333e+29 4.233352193811047073e+03
1.416109561313240975e+07 6.067806679798462811e+29 4.841029341820541049e+03
1.416109561313240975e+07 7.592498389344203995e+29 5.399977614711913702e+03
1.767596273745168373e+07 1.898124597336050710e+26 2.628516250354996586e+00
1.767596273745168373e+07 2.375076977325066006e+26 3.288918247446934284e+00
1.767596273745168373e+07 2.971875848475120527e+26 4.115217889270414098e+00
1.767596273745168373e+07 3.718635708682093057e+26 5.149075587080602645e+00
1.767596273745168373e+07 4.653038094098342322e+26 6.442605494782410958e+00
1.767596273745168373e+07 5.822232991142736975e+26 8.060994055130727531e+00
1.767596273745168373e+07 7.285218026937235028e+26 1.008577186860662245e+01
1.767596273745168373e+07 9.115815492226505885e+26 1.261890039199622571e+01
1.767596273745168373e+07 1.140639741749114060e+27 1.578787404880804601e+01
1.767596273745168373e+07 1.427254666976269239e+27 1.975208637145686907e+01
1.767596273745168373e+07 1.785888926929564671e+27 2.471076751555427364e+01
1.767596273745168373e+07 2.234639222505804895e+27 3.091287182366991004e+01
1.767596273745168373e+07 2.796149513814807903e+27 3.866937993346466129e+01
1.767596273745168373e+07 3.498753635425582340e+27 4.836858192880472984e+01
1.767596273745168373e+07 4.377905022933792316e+27 6.049502694707384620e+01
1.767596273745168373e+07 5.477965694917415058e+27 7.565295975345483726e+01
1.767596273745168373e+07 6.854444762390599226e+27 9.459521158817989317e+01
1.767596273745168373e+07 8.576799421043515829e+27 1.182586606922699559e+02
1.767596273745168373e+07 1.073193976446264606e+28 1.478075056311996036e+02
1.767596273745168373e+07 1.342861427136436151e+28 1.846856607250221884e+02
1.767596273745168373e+07 1.680289725872494801e+28 2.306795135004771851e+02
1.767596273745168373e+07 2.102505519793893679e+28 2.879919484991199852e+02
1.767596273745168373e+07 2.630813836862818728e+28 3.593277162027019358e+02
1.767596273745168373e+07 3.291873138533943251e+28 4.479885325738432016e+02
1.767596273745168373e+07 4.119040506919145293e+28 5.579731112762972316e+02
1.767596273745168373e+07 5.154054844652018122e+28 6.940716581482190577e+02
1.767596273745168373e+07 6.449143021793151985e+28 8.619346545028299715e+02
1.767596273745168373e+07 8.069655246043740490e+28 1.068079787829592078e+03
1.767596273745168373e+07 1.009736263716712308e+29 1.319775746410893134e+03
1.767596273745168373e+07 1.263458340137198547e+29 1.624704276672123569e+03
1.767596273745168373e+07 1.580934581260225264e+29 1.990251268886629305e+03
1.767596273745168373e+07 1.978184852500193850e+29 2.422219136314983643e+03
1.767596273745168373e+07 2.475254420421264535e+29 2.922707674981438231e+03
1.767596273745168373e+07 3.097225437790278187e+29 3.486930479534989900e+03
1.767596273745168373e+07 3.875482590134140155e+29 4.098915589858793282e+03
1.767596273745168373e+07 4.849296768383905333e+29 4.726523024093412459e+03
1.767596273745168373e+07 6.067806679798462811e+29 5.317132671541337913e+03
1.767596273745168373e+07 7.592498389344203995e+29 5.796713019860410895e+03
2.206324053105304390e+07 1.898124597336050710e+26 3.055616674996239457e+00
2.206324053105304390e+07 2.375076977325066006e+26 3.823325564218863271e+00
2.206324053105304390e+07 2.971875848475120527e+26 4.783888323604959858e+00
2.206324053105304390e+07 3.718635708682093057e+26 5.985734621855728577e+00
2.206324053105304390e+07 4.653038094098342322e+26 7.489446440328527466e+00
2.206324053105304390e+07 5.822232991142736975e+26 9.370802071443517178e+00
2.206324053105304390e+07 7.285218026937235028e+26 1.172457957868457790e+01
2.206324053105304390e+07 9.115815492226505885e+26 1.466930741053771392e+01
2.206324053105304390e+07 1.140639741749114060e+27 1.835319534064204205e+01
2.206324053105304390e+07 1.427254666976269239e+27 2.296153461574107624e+01
2.206324053105304390e+07 1.785888926929564671e+27 2.872592441781242911e+01
2.206324053105304390e+07 2.234639222505804895e+27 3.593576446571429273e+01
2.206324053105304390e+07 2.796149513814807903e+27 4.495255300749918348e+01
2.206324053105304390e+07 3.498753635425582340e+27 5.622764731580796393e+01
2.206324053105304390e+07 4.377905022933792316e+27 7.032428072338019831e+01
2.206324053105304390e+07 5.477965694917415058e+27 8.794478461112346679e+01
2.206324053105304390e+07 6.854444762390599226e+27 1.099641293681433751e+02
2.206324053105304390e+07 8.576799421043515829e+27 1.374710606600040137e+02
2.206324053105304390e+07 1.073193976446264606e+28 1.718182367876305534e+02
2.206324053105304390e+07 1.342861427136436151e+28 2.146828134403405102e+02
2.206324053105304390e+07 1.680289725872494801e+28 2.681387717861159103e+02
2.206324053105304390e+07 2.102505519793893679e+28 3.347417634793839056e+02
2.206324053105304390e+07 2.630813836862818728e+28 4.176260375593868730e+02
2.206324053105304390e+07 3.291873138533943251e+28 5.206105827412715144e+02
2.206324053105304390e+07 4.119040506919145293e+28 6.483070690037178565e+02
2.206324053105304390e+07 5.154054844652018122e+28 8.062140523513975268e+02
2.206324053105304390e+07 6.449143021793151985e+28 1.000767958388627903e+03
2.206324053105304390e+07 8.069655246043740490e+28 1.239298304472159771e+03
2.206324053105304390e+07 1.009736263716712308e+29 1.529798242327411799e+03
2.206324053105304390e+07 1.263458340137198547e+29 1.880367720590758381e+03
2.206324053105304390e+07 1.580934581260225264e+29 2.298114902638858439e+03
2.206324053105304390e+07 1.978184852500193850e+29 2.787223412188633574e+03
2.206324053105304390e+07 2.475254420421264535e+29 3.345848321303542889e+03
2.206324053105304390e+07 3.097225437790278187e+29 3.961586001359270540e+03
2.206324053105304390e+07 3.875482590134140155e+29 4.605644438228266154e+03
2.206324053105304390e+07 4.849296768383905333e+29 5.226765940462305480e+03
2.206324053105304390e+07 6.067806679798462811e+29 5.747641008348566174e+03
2.206324053105304390e+07 7.592498389344203995e+29 6.068958365531230811e+03
2.753946644726187363e+07 1.898124597336050710e+26 3.539126386347860809e+00
2.753946644726187363e+07 2.375076977325066006e+26 4.428314710352996286e+00
2.753946644726187363e+07 2.971875848475120527e+26 5.540873358034515306e+00
2.753946644726187363e+07 3.718635708682093057e+26 6.932895284754705401e+00
2.753946644726187363e+07 4.653038094098342322e+26 8.674548655738515635e+00
2.753946644726187363e+07 5.822232991142736975e+26 1.085360247177862547e+01
2.753946644726187363e+07 7.285218026937235028e+26 1.357983177704258360e+01
2.753946644726187363e+07 9.115815492226505885e+26 1.699051985193419156e+01
2.753946644726187363e+07 1.140639741749114060e+27 2.125732730324497410e+01
2.753946644726187363e+07 1.427254666976269239e+27 2.659486256194108478e+01
2.753946644726187363e+07 1.785888926929564671e+27 3.327136707521399472e+01
2.753946644726187363e+07 2.234639222505804895e+27 4.162202404036474945e+01
2.753946644726187363e+07 2.796149513814807903e+27 5.206551415468700128e+01
2.753946644726187363e+07 3.498753635425582340e+27 6.512457725172173184e+01
2.753946644726187363e+07 4.377905022933792316e+27 8.145149527017396451e+01
2.753946644726187363e+07 5.477965694917415058e+27 1.018595866853980283e+02
2.753946644726187363e+07 6.854444762390599226e+27 1.273619865753788787e+02
2.753946644726187363e+07 8.576799421043515829e+27 1.592191592523143981e+02
2.753946644726187363e+07 1.073193976446264606e+28 1.989967111008429299e+02
2.753946644726187363e+07 1.342861427136436151e+28 2.486350619604498888e+02
2.753946644726187363e+07 1.680289725872494801e+28 3.105322518584411000e+02
2.753946644726187363e+07 2.102505519793893679e+28 3.876403512571457100e+02
2.753946644726187363e+07 2.630813836862818728e+28 4.835741601929582316e+02
2.753946644726187363e+07 3.291873138533943251e+28 6.027273542339681853e+02
2.753946644726187363e+07 4.119040506919145293e+28 7.503846650786281316e+02
2.753946644726187363e+07 5.154054844652018122e+28 9.328069512149681941e+02
2.753946644726187363e+07 6.449143021793151985e+28 1.157245816364979646e+03
2.753946644726187363e+07 8.069655246043740490e+28 1.431811007090419707e+03
2.753946644726187363e+07 1.009736263716712308e+29 1.765061228961826828e+03
2.753946644726187363e+07 1.263458340137198547e+29 2.165112208255107817e+03
2.753946644726187363e+07 1.580934581260225264e+29 2.637956980066585857e+03
2.753946644726187363e+07 1.978184852500193850e+29 3.184597001854187511e+03
2.753946644726187363e+07 2.475254420421264535e+29 3.796564798866581441e+03
2.753946644726187363e+07 3.097225437790278187e+29 4.449651349011011916e+03
2.753946644726187363e+07 3.875482590134140155e+29 5.096442975920799654e+03
2.753946644726187363e+07 4.849296768383905333e+29 5.660044040001053872e+03
2.753946644726187363e+07 6.067806679798462811e+29 6.034452387198409269e+03
2.753946644726187363e+07 7.592498389344203995e+29 6.101349296509912165e+03
3.437492380742604285e+07 1.898124597336050710e+26 4.078814166779410222e+00
3.437492380742604285e+07 2.375076977325066006e+26 5.103596369167458846e+00
3.437492380742604285e+07 2.971875848475120527e+26 6.385810968140792632e+00
3.437492380742604285e+07 3.718635708682093057e+26 7.990104571067500494e+00
3.437492380742604285e+07 4.653038094098342322e+26 9.997345271096239827e+00
3.437492380742604285e+07 5.822232991142736975e+26 1.250868584847337495e+01
3.437492380742604285e+07 7.285218026937235028e+26 1.565064061399180773e+01
3.437492380742604285e+07 9.115815492226505885e+26 1.958142637111010487e+01
3.437492380742604285e+07 1.140639741749114060e+27 2.449887850971616743e+01
3.437492380742604285e+07 1.427254666976269239e+27 3.065032746362524918e+01
3.437492380742604285e+07 1.785888926929564671e+27 3.834491141691459859e+01
3.437492380742604285e+07 2.234639222505804895e+27 4.796891082888608793e+01
3.437492380742604285e+07 2.796149513814807903e+27 6.000482157615113721e+01
3.437492380742604285e+07 3.498753635425582340e+27 7.505503798006212435e+01
3.437492380742604285e+07 4.377905022933792316e+27 9.387119419762109374e+01
3.437492380742604285e+07 5.477965694917415058e+27 1.173904076177237243e+02
3.437492380742604285e+07 6.854444762390599226e+27 1.467798679915900664e+02
3.437492380742604285e+07 8.576799421043515829e+27 1.834913918883657686e+02
3.437492380742604285e+07 1.073193976446264606e+28 2.293276563895290678e+02
3.437492380742604285e+07 1.342861427136436151e+28 2.865217292330369219e+02
3.437492380742604285e+07 1.680289725872494801e+28 3.578310239341587362e+02
3.437492380742604285e+07 2.102505519793893679e+28 4.466455652805163368e+02
3.437492380742604285e+07 2.630813836862818728e+28 5.571078117779750301e+02
3.437492380742604285e+07 3.291873138533943251e+28 6.942361332880891496e+02
3.437492380742604285e+07 4.119040506919145293e+28 8.640344970616695264e+02
3.437492380742604285e+07 5.154054844652018122e+28 1.073553883375240503e+03
3.437492380742604285e+07 6.449143021793151985e+28 1.330841638059713887e+03
3.437492380742604285e+07 8.069655246043740490e+28 1.644666583241450098e+03
3.437492380742604285e+07 1.009736263716712308e+29 2.023832263295445273e+03
3.437492380742604285e+07 1.263458340137198547e+29 2.475783079272089708e+03
3.437492380742604285e+07 1.580934581260225264e+29 3.004077884893384180e+03
3.437492380742604285e+07 1.978184852500193850e+29 3.604204763918607568e+03
3.437492380742604285e+07 2.475254420421264535e+29 4.257285663036663209e+03
3.437492380742604285e+07 3.097225437790278187e+29 4.921788007616702089e+03
3.437492380742604285e+07 3.875482590134140155e+29 5.524972779889911180e+03
3.437492380742604285e+07 4.849296768383905333e+29 5.959178111599267140e+03
3.437492380742604285e+07 6.067806679798462811e+29 6.093696189421802046e+03
3.437492380742604285e+07 7.592498389344203995e+29 5.820914821917875997e+03
4.290698184110355377e+07 1.898124597336050710e+26 4.712458258566719849e+00
4.290698184110355377e+07 2.375076977325066006e+26 5.896440361608939362e+00
4.290698184110355377e+07 2.971875848475120527e+26 7.377846896503331919e+00
4.290698184110355377e+07 3.718635708682093057e+26 9.231367210414800795e+00
4.290698184110355377e+07 4.653038094098342322e+26 1.155043204247440869e+01
4.290698184110355377e+07 5.822232991142736975e+26 1.445190783629767317e+01
4.290698184110355377e+07 7.285218026937235028e+26 1.808196206072980061e+01
4.290698184110355377e+07 9.115815492226505885e+26 2.262338885419512025e+01
4.290698184110355377e+07 1.140639741749114060e+27 2.830475409720800783e+01
4.290698184110355377e+07 1.427254666976269239e+27 3.541180465194030802e+01
4.290698184110355377e+07 1.785888926929564671e+27 4.430169086942499490e+01
4.290698184110355377e+07 2.234639222505804895e+27 5.542067749170913515e+01
4.290698184110355377e+07 2.796149513814807903e+27 6.932616839862333791e+01
4.290698184110355377e+07 3.498753635425582340e+27 8.671404650842286799e+01
4.290698184110355377e+07 4.377905022933792316e+27 1.084525298302327911e+02
4.290698184110355377e+07 5.477965694917415058e+27 1.356239604131191072e+02
4.290698184110355377e+07 6.854444762390599226e+27 1.695761550403648812e+02
4.290698184110355377e+07 8.576799421043515829e+27 2.119851130682539520e+02
4.290698184110355377e+07 1.073193976446264606e+28 2.649309149451196959e+02
4.290698184110355377e+07 1.342861427136436151e+28 3.309883974296468523e+02
4.290698184110355377e+07 1.680289725872494801e+28 4.133333678478505817e+02
4.290698184110355377e+07 2.102505519793893679e+28 5.158631928907759630e+02
4.290698184110355377e+07 2.630813836862818728e+28 6.433266294877789733e+02
4.290698184110355377e+07 3.291873138533943251e+28 8.014501180277248977e+02
4.290698184110355377e+07 4.119040506919145293e+28 9.970336489889493805e+02
4.290698184110355377e+07 5.154054844652018122e+28 1.237964196802995502e+03
4.290698184110355377e+07 6.449143021793151985e+28 1.533051619433920905e+03
4.290698184110355377e+07 8.069655246043740490e+28 1.891521310672418622e+03
4.290698184110355377e+07 1.009736263716712308e+29 2.321889687770527416e+03
4.290698184110355377e+07 1.263458340137198547e+29 2.829800422120903931e+03
4.290698184110355377e+07 1.580934581260225264e+29 3.414239298401037104e+03
4.290698184110355377e+07 1.978184852500193850e+29 4.061483691538732728e+03
4.290698184110355377e+07 2.475254420421264535e+29 4.736465614626460592e+03
4.290698184110355377e+07 3.097225437790278187e+29 5.372530131749379507e+03
4.290698184110355377e+07 3.875482590134140155e+29 5.863842749505541178e+03
4.290698184110355377e+07 4.849296768383905333e+29 6.071172038029772011e+03
4.290698184110355377e+07 6.067806679798462811e+29 5.862511900129985406e+03
4.290698184110355377e+07 7.592498389344203995e+29 5.225937134756470186e+03
5.355674680259443074e+07 1.898124597336050710e+26 5.397562197505911818e+00
5.355674680259443074e+07 2.375076977325066006e+26 6.753673187989199356e+00
5.355674680259443074e+07 2.971875848475120527e+26 8.450448439326027739e+00
5.355674680259443074e+07 3.718635708682093057e+26 1.057343558702327257e+01
5.355674680259443074e+07 4.653038094098342322e+26 1.322964814915284215e+01
5.355674680259443074e+07 5.822232991142736975e+26 1.655294216136821106e+01
5.355674680259443074e+07 7.285218026937235028e+26 2.071073391333423785e+01
5.355674680259443074e+07 9.115815492226505885e+26 2.591239003034825217e+01
5.355674680259443074e+07 1.140639741749114060e+27 3.241970095330523804e+01
5.355674680259443074e+07 1.427254666976269239e+27 4.055994667770532658e+01
5.355674680259443074e+07 1.785888926929564671e+27 5.074218265554135598e+01
5.355674680259443074e+07 2.234639222505804895e+27 6.347751714691334968e+01
5.355674680259443074e+07 2.796149513814807903e+27 7.940432156133141461e+01
5.355674680259443074e+07 3.498753635425582340e+27 9.931951303376830253e+01
5.355674680259443074e+07 4.377905022933792316e+27 1.242172699918949377e+02
5.355674680259443074e+07 5.477965694917415058e+27 1.553367744763418159e+02
5.355674680259443074e+07 6.854444762390599226e+27 1.942207906917264211e+02
5.355674680259443074e+07 8.576799421043515829e+27 2.427870272614781300e+02
5.355674680259443074e+07 1.073193976446264606e+28 3.034141727822171788e+02
5.355674680259443074e+07 1.342861427136436151e+28 3.790440158978249769e+02
5.355674680259443074e+07 1.680289725872494801e+28 4.732997464084081685e+02
5.355674680259443074e+07 2.102505519793893679e+28 5.906176251988327977e+02
5.355674680259443074e+07 2.630813836862818728e+28 7.363833541492576842e+02
5.355674680259443074e+07 3.291873138533943251e+28 9.170533041410430997e+02
5.355674680259443074e+07 4.119040506919145293e+28 1.140220251684277628e+03
5.355674680259443074e+07 5.154054844652018122e+28 1.414546923407451004e+03
5.355674680259443074e+07 6.449143021793151985e+28 1.749428693449682669e+03
5.355674680259443074e+07 8.069655246043740490e+28 2.154146624245342991e+03
5.355674680259443074e+07 1.009736263716712308e+29 2.636122920703694035e+03
5.355674680259443074e+07 1.263458340137198547e+29 3.197700142461559608e+03
5.355674680259443074e+07 1.580934581260225264e+29 3.830701536618383216e+03
5.355674680259443074e+07 1.978184852500193850e+29 4.508115320337723460e+03
5.355674680259443074e+07 2.475254420421264535e+29 5.173123465182371547e+03
5.355674680259443074e+07 3.097225437790278187e+29 5.728440299059782774e+03
5.355674680259443074e+07 3.875482590134140155e+29 6.035244074750350592e+03
5.355674680259443074e+07 4.849296768383905333e+29 5.942967186468842556e+03
5.355674680259443074e+07 6.067806679798462811e+29 5.390940396422787671e+03
5.355674680259443074e+07 7.592498389344203995e+29 4.640075436008484758e+03
6.684984599241702259e+07 1.898124597336050710e+26 6.301149398214252351e+00
6.684984599241702259e+07 2.375076977325066006e+26 7.884282008601330105e+00
6.684984599241702259e+07 2.971875848475120527e+26 9.865108034787363422e+00
6.684984599241702259e+07 3.718635708682093057e+26 1.234349606964743806e+01
6.684984599241702259e+07 4.653038094098342322e+26 1.544437385388305728e+01
6.684984599241702259e+07 5.822232991142736975e+26 1.932400473491647475e+01
6.684984599241702259e+07 7.285218026937235028e+26 2.417782949602836240e+01
6.684984599241702259e+07 9.115815492226505885e+26 3.025026001283249855e+01
6.684984599241702259e+07 1.140639741749114060e+27 3.784690413263237474e+01
6.684984599241702259e+07 1.427254666976269239e+27 4.734981494530824619e+01
6.684984599241702259e+07 1.785888926929564671e+27 5.923649568509523533e+01
6.684984599241702259e+07 2.234639222505804895e+27 7.410355724451194703e+01
6.684984599241702259e+07 2.796149513814807903e+27 9.269612074347402597e+01
6.684984599241702259e+07 3.498753635425582340e+27 1.159442820191884636e+02
6.684984599241702259e+07 4.377905022933792316e+27 1.450082010865731093e+02
6.684984599241702259e+07 5.477965694917415058e+27 1.813336274814342346e+02
6.684984599241702259e+07 6.854444762390599226e+27 2.267198774309081273e+02
6.684984599241702259e+07 8.576799421043515829e+27 2.834023494560635186e+02
6.684984599241702259e+07 1.073193976446264606e+28 3.541514231841630931e+02
6.684984599241702259e+07 1.342861427136436151e+28 4.423886938963972852e+02
6.684984599241702259e+07 1.680289725872494801e+28 5.523193249473359856e+02
6.684984599241702259e+07 2.102505519793893679e+28 6.890747054115283845e+02
6.684984599241702259e+07 2.630813836862818728e+28 8.588505284095332399e+02
6.684984599241702259e+07 3.291873138533943251e+28 1.069008268101324347e+03
6.684984599241702259e+07 4.119040506919145293e+28 1.328076777421861834e+03
6.684984599241702259e+07 5.154054844652018122e+28 1.645535701591671113e+03
6.684984599241702259e+07 6.449143021793151985e+28 2.031169668896754956e+03
6.684984599241702259e+07 8.069655246043740490e+28 2.493635570615164852e+03
6.684984599241702259e+07 1.009736263716712308e+29 3.037676994778990320e+03
6.684984599241702259e+07 1.263458340137198547e+29 3.659184676106754978e+03
6.684984599241702259e+07 1.580934581260225264e+29 4.337201350736105269e+03
6.684984599241702259e+07 1.978184852500193850e+29 5.022470017667669708e+03
6.684984599241702259e+07 2.475254420421264535e+29 5.624297483766365076e+03
6.684984599241702259e+07 3.097225437790278187e+29 6.003383242996207628e+03
6.684984599241702259e+07 3.875482590134140155e+29 5.991058931230703820e+03
6.684984599241702259e+07 4.849296768383905333e+29 5.479860304030152292e+03
6.684984599241702259e+07 6.067806679798462811e+29 4.667679174879389393e+03
6.684984599241702259e+07 7.592498389344203995e+29 4.375970960382151134e+03
8.344237049501647055e+07 1.898124597336050710e+26 7.489876870117445407e+00
8.344237049501647055e+07 2.375076977325066006e+26 9.371671015075079936e+00
8.344237049501647055e+07 2.971875848475120527e+26 1.172618398837652620e+01
8.344237049501647055e+07 3.718635708682093057e+26 1.467212439640596422e+01
8.344237049501647055e+07 4.653038094098342322e+26 1.835798703936451659e+01
8.344237049501647055e+07 5.822232991142736975e+26 2.296951301563022341e+01
8.344237049501647055e+07 7.285218026937235028e+26 2.873901012768027385e+01
8.344237049501647055e+07 9.115815492226505885e+26 3.595699255158694285e+01
8.344237049501647055e+07 1.140639741749114060e+27 4.498670886281577452e+01
8.344237049501647055e+07 1.427254666976269239e+27 5.628226204531905807e+01
8.344237049501647055e+07 1.785888926929564671e+27 7.041118782822155708e+01
8.344237049501647055e+07 2.234639222505804895e+27 8.808255200381846350e+01
8.344237049501647055e+07 2.796149513814807903e+27 1.101818544198229404e+02
8.344237049501647055e+07 3.498753635425582340e+27 1.378142838304959525e+02
8.344237049501647055e+07 4.377905022933792316e+27 1.723581403110624137e+02
8.344237049501647055e+07 5.477965694917415058e+27 2.155304976883810184e+02
8.344237049501647055e+07 6.854444762390599226e+27 2.694673466159952682e+02
8.344237049501647055e+07 8.576799421043515829e+27 3.368203970575627864e+02
8.344237049501647055e+07 1.073193976446264606e+28 4.208721507682933520e+02
8.344237049501647055e+07 1.342861427136436151e+28 5.256692563788042207e+02
8.344237049501647055e+07 1.680289725872494801e+28 6.561705584507709546e+02
8.344237049501647055e+07 2.102505519793893679e+28 8.183988684436365020e+02
8.344237049501647055e+07 2.630813836862818728e+28 1.019571135700737045e+03
8.344237049501647055e+07 3.291873138533943251e+28 1.268154839271973060e+03
8.344237049501647055e+07 4.119040506919145293e+28 1.573749816871998746e+03
8.344237049501647055e+07 5.154054844652018122e+28 1.946610043589785619e+03
8.344237049501647055e+07 6.449143021793151985e+28 2.396479613673443509e+03
8.344237049501647055e+07 8.069655246043740490e+28 2.930202926039506110e+03
8.344237049501647055e+07 1.009736263716712308e+29 3.547287961191560498e+03
8.344237049501647055e+07 1.263458340137198547e+29 4.232357071134066246e+03
8.344237049501647055e+07 1.580934581260225264e+29 4.943581316012578100e+03
8.344237049501647055e+07 1.978184852500193850e+29 5.597738317613219806e+03
8.344237049501647055e+07 2.475254420421264535e+29 6.057593564524053363e+03
8.344237049501647055e+07 3.097225437790278187e+29 6.139865625062302570e+03
8.344237049501647055e+07 3.875482590134140155e+29 5.689187069328919279e+03
8.344237049501647055e+07 4.849296768383905333e+29 4.817275636126476456e+03
8.344237049501647055e+07 6.067806679798462811e+29 4.349126445918956961e+03
8.344237049501647055e+07 7.592498389344203995e+29 5.102508529675978934e+03
1.041532570563795716e+08 1.898124597336050710e+26 8.516763497879635381e+00
1.041532570563795716e+08 2.375076977325066006e+26 1.065655727958332299e+01
1.041532570563795716e+08 2.971875848475120527e+26 1.333388058014390865e+01
1.041532570563795716e+08 3.718635708682093057e+26 1.668371673901119223e+01
1.041532570563795716e+08 4.653038094098342322e+26 2.087491846713220767e+01
1.041532570563795716e+08 5.822232991142736975e+26 2.611869020666876651e+01
1.041532570563795716e+08 7.285218026937235028e+26 3.267918526380389466e+01
1.041532570563795716e+08 9.115815492226505885e+26 4.088673912156112777e+01
1.041532570563795716e+08 1.140639741749114060e+27 5.115438501796981541e+01
1.041532570563795716e+08 1.427254666976269239e+27 6.399844986310019834e+01
1.041532570563795716e+08 1.785888926929564671e+27 8.006421170744606286e+01
1.041532570563795716e+08 2.234639222505804895e+27 1.001578171519290237e+02
1.041532570563795716e+08 2.796149513814807903e+27 1.252859079601583687e+02
1.041532570563795716e+08 3.498753635425582340e+27 1.567046835702268766e+02
1.041532570563795716e+08 4.377905022933792316e+27 1.959804083364986127e+02
1.041532570563795716e+08 5.477965694917415058e+27 2.450636093862467249e+02
1.041532570563795716e+08 6.854444762390599226e+27 3.063792978884458194e+02
1.041532570563795716e+08 8.576799421043515829e+27 3.829352749158236406e+02
1.041532570563795716e+08 1.073193976446264606e+28 4.784495499282137416e+02
1.041532570563795716e+08 1.342861427136436151e+28 5.974953431332817217e+02
1.041532570563795716e+08 1.680289725872494801e+28 7.456566460688158031e+02
1.041532570563795716e+08 2.102505519793893679e+28 9.296762924007242646e+02
1.041532570563795716e+08 2.630813836862818728e+28 1.157557334277311611e+03
1.041532570563795716e+08 3.291873138533943251e+28 1.438539281946275651e+03
1.041532570563795716e+08 4.119040506919145293e+28 1.782800452724537536e+03
1.041532570563795716e+08 5.154054844652018122e+28 2.200616954863308820e+03
1.041532570563795716e+08 6.449143021793151985e+28 2.700514236429046377e+03
1.041532570563795716e+08 8.069655246043740490e+28 3.285665909653395374e+03
1.041532570563795716e+08 1.009736263716712308e+29 3.947475210102429173e+03
1.041532570563795716e+08 1.263458340137198547e+29 4.655163029788479435e+03
1.041532570563795716e+08 1.580934581260225264e+29 5.341037694489792557e+03
1.041532570563795716e+08 1.978184852500193850e+29 5.884792802522803868e+03
1.041532570563795716e+08 2.475254420421264535e+29 6.110547918952411237e+03
1.041532570563795716e+08 3.097225437790278187e+29 5.834673608887448609e+03
1.041532570563795716e+08 3.875482590134140155e+29 5.053826962326006651e+03
1.041532570563795716e+08 4.849296768383905333e+29 4.387703536765300669e+03
1.041532570563795716e+08 6.067806679798462811e+29 4.878393599844763230e+03
1.041532570563795716e+08 7.592498389344203995e+29 5.734563430355337914e+03
1.300047073339097500e+08 1.898124597336050710e+26 1.011599538517265096e+01
1.300047073339097500e+08 2.375076977325066006e+26 1.265758751691654815e+01
1.300047073339097500e+08 2.971875848475120527e+26 1.583764285926677751e+01
1.300047073339097500e+08 3.718635708682093057e+26 1.981649048349519404e+01
1.300047073339097500e+08 4.653038094098342322e+26 2.479468795974049300e+01
1.300047073339097500e+08 5.822232991142736975e+26 3.102309580673718870e+01
1.300047073339097500e+08 7.285218026937235028e+26 3.881546322275206506e+01
1.300047073339097500e+08 9.115815492226505885e+26 4.856414371964901022e+01
1.300047073339097500e+08 1.140639741749114060e+27 6.075970694601353017e+01
1.300047073339097500e+08 1.427254666976269239e+27 7.601539226163910712e+01
1.300047073339097500e+08 1.785888926929564671e+27 9.509756498604592423e+01
1.300047073339097500e+08 2.234639222505804895e+27 1.189635898588067988e+02
1.300047073339097500e+08 2.796149513814807903e+27 1.488088257587517376e+02
1.300047073339097500e+08 3.498753635425582340e+27 1.861247587622746096e+02
1.300047073339097500e+08 4.377905022933792316e+27 2.327705936723454556e+02
1.300047073339097500e+08 5.477965694917415058e+27 2.910608434234678157e+02
1.300047073339097500e+08 6.854444762390599226e+27 3.638714383452142442e+02
1.300047073339097500e+08 8.576799421043515829e+27 4.547663218946457846e+02
1.300047073339097500e+08 1.073193976446264606e+28 5.681448251481666603e+02
1.300047073339097500e+08 1.342861427136436151e+28 7.094062224331200923e+02
1.300047073339097500e+08 1.680289725872494801e+28 8.851197284608356313e+02
1.300047073339097500e+08 2.102505519793893679e+28 1.103172095999710109e+03
1.300047073339097500e+08 2.630813836862818728e+28 1.372834336271441089e+03
1.300047073339097500e+08 3.291873138533943251e+28 1.704632691540173482e+03
1.300047073339097500e+08 4.119040506919145293e+28 2.109808883791917197e+03
1.300047073339097500e+08 5.154054844652018122e+28 2.598985373396807063e+03
1.300047073339097500e+08 6.449143021793151985e+28 3.179386100978219929e+03
1.300047073339097500e+08 8.069655246043740490e+28 3.849602992695700777e+03
1.300047073339097500e+08 1.009736263716712308e+29 4.590563085494398365e+03
1.300047073339097500e+08 1.263458340137198547e+29 5.351511004836457687e+03
1.300047073339097500e+08 1.580934581260225264e+29 6.031796489264698721e+03
1.300047073339097500e+08 1.978184852500193850e+29 6.466077172883004096e+03
1.300047073339097500e+08 2.475254420421264535e+29 6.438076532589620911e+03
1.300047073339097500e+08 3.097225437790278187e+29 5.786661003935839290e+03
1.300047073339097500e+08 3.875482590134140155e+29 4.740408424884228225e+03
1.300047073339097500e+08 4.849296768383905333e+29 4.400489581181313952e+03
1.300047073339097500e+08 6.067806679798462811e+29 5.225013669667164322e+03
1.300047073339097500e+08 7.592498389344203995e+29 5.502255134470865414e+03
1.622726394415746629e+08 1.898124597336050710e+26 1.170954627573342322e+01
1.622726394415746629e+08 2.375076977325066006e+26 1.465150829101117225e+01
1.622726394415746629e+08 2.971875848475120527e+26 1.833250727465319940e+01
1.622726394415746629e+08 3.718635708682093057e+26 2.293812659357461570e+01
1.622726394415746629e+08 4.653038094098342322e+26 2.870051328218255549e+01
1.622726394415746629e+08 5.822232991142736975e+26 3.591003764627760830e+01
1.622726394415746629e+08 7.285218026937235028e+26 4.492985792087219465e+01
1.622726394415746629e+08 9.115815492226505885e+26 5.621410442843222910e+01
1.622726394415746629e+08 1.140639741749114060e+27 7.033056679953813273e+01
1.622726394415746629e+08 1.427254666976269239e+27 8.798897227473301541e+01
1.622726394415746629e+08 1.785888926929564671e+27 1.100761860708212936e+02
1.622726394415746629e+08 2.234639222505804895e+27 1.376999461629042116e+02
1.622726394415746629e+08 2.796149513814807903e+27 1.722430561446521438e+02
1.622726394415746629e+08 3.498753635425582340e+27 2.154302757585275856e+02
1.622726394415746629e+08 4.377905022933792316e+27 2.694104092559007881e+02
1.622726394415746629e+08 5.477965694917415058e+27 3.368561702940788223e+02
1.622726394415746629e+08 6.854444762390599226e+27 4.210840429407906527e+02
1.622726394415746629e+08 8.576799421043515829e+27 5.261950614934738724e+02
1.622726394415746629e+08 1.073193976446264606e+28 6.572342397593520218e+02
1.622726394415746629e+08 1.342861427136436151e+28 8.203594898071688704e+02
1.622726394415746629e+08 1.680289725872494801e+28 1.022996946604909454e+03
1.622726394415746629e+08 2.102505519793893679e+28 1.273932629198765198e+03
1.622726394415746629e+08 2.630813836862818728e+28 1.583239769361995968e+03
1.622726394415746629e+08 3.291873138533943251e+28 1.961849392429550335e+03
1.622726394415746629e+08 4.119040506919145293e+28 2.420412302781167455e+03
1.622726394415746629e+08 5.154054844652018122e+28 2.966840777866552344e+03
1.622726394415746629e+08 6.449143021793151985e+28 3.601540491392866898e+03
1.622726394415746629e+08 8.069655246043740490e+28 4.308921806229280264e+03
1.622726394415746629e+08 1.009736263716712308e+29 5.043697765150641317e+03
1.622726394415746629e+08 1.263458340137198547e+29 5.711949540868801705e+03
1.622726394415746629e+08 1.580934581260225264e+29 6.153102935887324747e+03
1.622726394415746629e+08 1.978184852500193850e+29 6.146889045679357878e+03
1.622726394415746629e+08 2.475254420421264535e+29 5.514952940705881701e+03
1.622726394415746629e+08 3.097225437790278187e+29 4.494034889934274361e+03
1.622726394415746629e+08 3.875482590134140155e+29 4.338741057796115456e+03
1.622726394415746629e+08 4.849296768383905333e+29 5.404486536562822948e+03
1.622726394415746629e+08 6.067806679798462811e+29 5.544044925664383300e+03
1.622726394415746629e+08 7.592498389344203995e+29 4.576083133660307794e+03
2.025496618649506569e+08 1.898124597336050710e+26 1.311721741379065875e+01
2.025496618649506569e+08 2.375076977325066006e+26 1.641284737323125853e+01
2.025496618649506569e+08 2.971875848475120527e+26 2.053635566927608735e+01
2.025496618649506569e+08 3.718635708682093057e+26 2.569563321074208417e+01
2.025496618649506569e+08 4.653038094098342322e+26 3.215072982854721317e+01
2.025496618649506569e+08 5.822232991142736975e+26 4.022691322465662722e+01
2.025496618649506569e+08 7.285218026937235028e+26 5.033097997005641133e+01
2.025496618649506569e+08 9.115815492226505885e+26 6.297161674056864911e+01
2.025496618649506569e+08 1.140639741749114060e+27 7.878479740327209413e+01
2.025496618649506569e+08 1.427254666976269239e+27 9.856542658941434354e+01
2.025496618649506569e+08 1.785888926929564671e+27 1.233067047119658923e+02
2.025496618649506569e+08 2.234639222505804895e+27 1.542489893960859888e+02
2.025496618649506569e+08 2.796149513814807903e+27 1.929402472137668383e+02
2.025496618649506569e+08 3.498753635425582340e+27 2.413104856078946625e+02
2.025496618649506569e+08 4.377905022933792316e+27 3.017627341061833022e+02
2.025496618649506569e+08 5.477965694917415058e+27 3.772830133795076790e+02
2.025496618649506569e+08 6.854444762390599226e+27 4.715709058143976335e+02
2.025496618649506569e+08 8.576799421043515829e+27 5.891900750968949296e+02
2.025496618649506569e+08 1.073193976446264606e+28 7.357329505316427003e+02
2.025496618649506569e+08 1.342861427136436151e+28 9.179831229420669843e+02
2.025496618649506569e+08 1.680289725872494801e+28 1.144037882280083068e+03
2.025496618649506569e+08 2.102505519793893679e+28 1.423312973344528245e+03
2.025496618649506569e+08 2.630813836862818728e+28 1.766276962756197690e+03
2.025496618649506569e+08 3.291873138533943251e+28 2.183629442704253961e+03
2.025496618649506569e+08 4.119040506919145293e+28 2.684412040516811430e+03
2.025496618649506569e+08 5.154054844652018122e+28 3.272192333230893382e+03
2.025496618649506569e+08 6.449143021793151985e+28 3.938010120136472324e+03
2.025496618649506569e+08 8.069655246043740490e+28 4.648460304734075180e+03
2.025496618649506569e+08 1.009736263716712308e+29 5.327990199578844113e+03
2.025496618649506569e+08 1.263458340137198547e+29 5.838738863117429901e+03
2.025496618649506569e+08 1.580934581260225264e+29 5.975304413367999587e+03
2.025496618649506569e+08 1.978184852500193850e+29 5.530609666332667985e+03
2.025496618649506569e+08 2.475254420421264535e+29 4.589727602150522216e+03
2.025496618649506569e+08 3.097225437790278187e+29 4.204832948946345823e+03
2.025496618649506569e+08 3.875482590134140155e+29 5.233649958879872429e+03
2.025496618649506569e+08 4.849296768383905333e+29 5.700925037212310599e+03
2.025496618649506569e+08 6.067806679798462811e+29 4.658487190110721713e+03
2.025496618649506569e+08 7.592498389344203995e+29 5.253117497598945192e+03
2.528236778719385266e+08 1.898124597336050710e+26 1.549349619070943440e+01
2.528236778719385266e+08 2.375076977325066006e+26 1.938615020691178970e+01
2.528236778719385266e+08 2.971875848475120527e+26 2.425665491044875921e+01
2.528236778719385266e+08 3.718635708682093057e+26 3.035055830496150620e+01
2.528236778719385266e+08 4.653038094098342322e+26 3.797501255999524261e+01
2.528236778719385266e+08 5.822232991142736975e+26 4.751419507807383269e+01
2.528236778719385266e+08 7.285218026937235028e+26 5.944856732014547163e+01
2.528236778719385266e+08 9.115815492226505885e+26 7.437891086329412360e+01
2.528236778719385266e+08 1.140639741749114060e+27 9.305629839190117991e+01
2.528236778719385266e+08 1.427254666976269239e+27 1.164194169785955779e+02
2.528236778719385266e+08 1.785888926929564671e+27 1.456409611765480463e+02
2.528236778719385266e+08 2.234639222505804895e+27 1.821851442535075591e+02
2.528236778719385266e+08 2.796149513814807903e+27 2.278787068649199909e+02
2.528236778719385266e+08 3.498753635425582340e+27 2.849980627892838356e+02
2.528236778719385266e+08 4.377905022933792316e+27 3.563752597042453090e+02
2.528236778719385266e+08 5.477965694917415058e+27 4.455249428167533097e+02
2.528236778719385266e+08 6.854444762390599226e+27 5.567928859889645992e+02
2.528236778719385266e+08 8.576799421043515829e+27 6.955227322828313845e+02
2.528236778719385266e+08 1.073193976446264606e+28 8.682291487374332064e+02
2.528236778719385266e+08 1.342861427136436151e+28 1.082748520099961297e+03
2.528236778719385266e+08 1.680289725872494801e+28 1.348305060882284124e+03
2.528236778719385266e+08 2.102505519793893679e+28 1.675367564712386866e+03
2.528236778719385266e+08 2.630813836862818728e+28 2.075057852356234889e+03
2.528236778719385266e+08 3.291873138533943251e+28 2.557673125686148978e+03
2.528236778719385266e+08 4.119040506919145293e+28 3.129561762673546582e+03
2.528236778719385266e+08 5.154054844652018122e+28 3.787134580589592588e+03
2.528236778719385266e+08 6.449143021793151985e+28 4.506340730100707333e+03
2.528236778719385266e+08 8.069655246043740490e+28 5.226138212581584412e+03
2.528236778719385266e+08 1.009736263716712308e+29 5.827429988525577755e+03
2.528236778719385266e+08 1.263458340137198547e+29 6.120349662106974392e+03
2.528236778719385266e+08 1.580934581260225264e+29 5.887483984295735354e+03
2.528236778719385266e+08 1.978184852500193850e+29 5.125723959956979343e+03
2.528236778719385266e+08 2.475254420421264535e+29 4.696718065906058655e+03
2.528236778719385266e+08 3.097225437790278187e+29 5.716806443024722284e+03
2.528236778719385266e+08 3.875482590134140155e+29 6.409748862253690277e+03
2.528236778719385266e+08 4.849296768383905333e+29 4.660341955823944772e+03
2.528236778719385266e+08 6.067806679798462811e+29 4.568250867496752107e+03
2.528236778719385266e+08 7.592498389344203995e+29 5.726964679683665963e+03
3.155760000000000000e+08 1.898124597336050710e+26 1.796865347033023141e+01
3.155760000000000000e+08 2.375076977325066006e+26 2.248317192931394359e+01
3.155760000000000000e+08 2.971875848475120527e+26 2.813175124003700134e+01
3.155760000000000000e+08 3.718635708682093057e+26 3.519916078995483844e+01
3.155760000000000000e+08 4.653038094098342322e+26 4.404160980600691033e+01
3.155760000000000000e+08 5.822232991142736975e+26 5.510462636747688236e+01
3.155760000000000000e+08 7.285218026937235028e+26 6.894538186497341314e+01
3.155760000000000000e+08 9.115815492226505885e+26 8.626054526816437829e+01
3.155760000000000000e+08 1.140639741749114060e+27 1.079209997481017638e+02
3.155760000000000000e+08 1.427254666976269239e+27 1.350150455691664320e+02
3.155760000000000000e+08 1.785888926929564671e+27 1.689020424689023230e+02
3.155760000000000000e+08 2.234639222505804895e+27 2.112787913325484510e+02
3.155760000000000000e+08 2.796149513814807903e+27 2.642612669856004004e+02
3.155760000000000000e+08 3.498753635425582340e+27 3.304844755696566949e+02
3.155760000000000000e+08 4.377905022933792316e+27 4.132229824849821398e+02
3.155760000000000000e+08 5.477965694917415058e+27 5.165335614665933690e+02
3.155760000000000000e+08 6.854444762390599226e+27 6.454185172825152677e+02
3.155760000000000000e+08 8.576799421043515829e+27 8.060017390413718203e+02
3.155760000000000000e+08 1.073193976446264606e+28 1.005696061014860447e+03
3.155760000000000000e+08 1.342861427136436151e+28 1.253313777617276628e+03
3.155760000000000000e+08 1.680289725872494801e+28 1.559020906504405957e+03
3.155760000000000000e+08 2.102505519793893679e+28 1.933940607022733502e+03
3.155760000000000000e+08 2.630813836862818728e+28 2.389041082286681558e+03
3.155760000000000000e+08 3.291873138533943251e+28 2.932656258192691439e+03
3.155760000000000000e+08 4.119040506919145293e+28 3.565549316411528707e+03
3.155760000000000000e+08 5.154054844652018122e+28 4.271894383918312087e+03
3.155760000000000000e+08 6.449143021793151985e+28 5.004321255775672398e+03
3.155760000000000000e+08 8.069655246043740490e+28 5.662689181337705122e+03
3.155760000000000000e+08 1.009736263716712308e+29 6.073720607916917288e+03
3.155760000000000000e+08 1.263458340137198547e+29 6.002955378604874568e+03
3.155760000000000000e+08 1.580934581260225264e+29 5.300631032104090991e+03
3.155760000000000000e+08 1.978184852500193850e+29 4.443672112548939367e+03
3.155760000000000000e+08 2.475254420421264535e+29 4.935702584557086084e+03
3.155760000000000000e+08 3.097225437790278187e+29 6.176575712933775321e+03
3.155760000000000000e+08 3.875482590134140155e+29 5.799756162636402223e+03
3.155760000000000000e+08 4.849296768383905333e+29 4.916909147934182329e+03
3.155760000000000000e+08 6.067806679798462811e+29 5.058855943627587294e+03
3.155760000000000000e+08 7.592498389344203995e+29 5.276198125247289681e+03
